AIRPORT,DATE,FLTS,TOT_A100,TOT_REF,TOT_ADD,AVG_ADD,REF_YEAR
SBGR,2021-02,6,148.38333333333333,134.64,13.74333333333334,2.2905555555555566,2023
SBGR,2021-03,3995,97853.93333333333,88124.1175,9729.815833333341,2.4354983312473943,2023
SBGR,2021-04,4012,98359.15,88456.54083333333,9902.609166666662,2.4682475490196065,2023
SBGR,2021-05,5852,146466.96666666667,129500.48625,16966.480416666673,2.8992618620414685,2023
SBGR,2021-06,6333,163823,139973.575,23849.42499999999,3.765896889309962,2023
SBGR,2021-07,7644,199987.7,169000.33208333334,30987.36791666667,4.053815792342578,2023
SBGR,2021-08,7790,202855.33333333334,172129.57791666666,30725.75541666668,3.9442561510483545,2023
SBGR,2021-09,8235,213996.85,182139.21916666665,31857.630833333358,3.8685647642177727,2023
SBGR,2021-10,8157,212888.45,180361.49041666667,32526.959583333344,3.987613041968045,2023
SBGR,2021-11,9608,259212.36666666667,212847.44083333333,46364.92583333334,4.825658392311963,2023
SBGR,2021-12,9714,260262.33333333334,214597.64291666666,45664.69041666668,4.700915216869125,2023
SBGR,2022-01,8080,210324.71666666667,179062.36583333334,31262.35083333333,3.8691028259075906,2023
SBGR,2022-02,7463,191006.25,164779.28666666665,26226.963333333348,3.5142654875161927,2023
SBGR,2022-03,9107,232054.15,201283.74583333332,30770.404166666674,3.378764045971964,2023
SBGR,2022-04,7373,183739.05,162514.27333333332,21224.776666666672,2.8787164880871656,2023
SBGR,2022-05,8929,227005.95,197652.62666666665,29353.323333333363,3.2874144174412994,2023
SBGR,2022-06,8262,213990.01666666666,182176.74791666667,31813.26874999999,3.8505529835390933,2023
SBGR,2022-07,10660,279603.75,234713.68458333332,44890.06541666668,4.211075555034397,2023
SBGR,2022-08,10412,276664.68333333335,229749.63791666666,46915.04541666669,4.505862986618007,2023
SBGR,2022-09,10002,268032.73333333334,220849.16666666666,47183.56666666668,4.717413184029862,2023
SBGR,2022-10,10454,277460.2,231013.78166666665,46446.418333333364,4.44293268924176,2023
SBGR,2022-11,8906,236722.61666666667,196206.45249999998,40516.164166666684,4.549311044988399,2023
SBGR,2022-12,10890,289194.56666666665,240058.06041666665,49136.506250000006,4.512075872359964,2023
SBGR,2023-01,11218,295922.93333333335,248295.68083333332,47627.25250000003,4.245609957211627,2023
SBGR,2023-02,9076,240217.58333333334,202098.18541666665,38119.3979166667,4.200021806596155,2023
SBGR,2023-03,9807,260058.8,216303.3775,43755.422499999986,4.4616521362292225,2023
SBGR,2023-04,9686,268365.98333333334,214344.89416666667,54021.08916666667,5.5772340663500595,2023
SBGR,2023-05,10772,297246.43333333335,237465.8925,59780.54083333336,5.549623174278998,2023
SBGR,2023-06,10230,286936.11666666664,226763.71541666664,60172.401249999995,5.881955156402737,2023
SBGR,2023-07,11788,325572.68333333335,260412.11375,65160.56958333336,5.527703561531503,2023
SBGR,2023-08,11383,316487.2,251366.46166666667,65120.73833333334,5.720876599607602,2023
SBGR,2023-09,10608,290318.38333333336,234570.50083333332,55747.882500000036,5.2552679581448,2023
SBGR,2023-10,11190,309423.3,247749.5783333333,61673.72166666668,5.511503276735182,2023
SBGR,2023-11,10569,287928.68333333335,233769.76208333333,54158.921250000014,5.124318407607154,2023
SBGR,2023-12,11609,311625.8,256445.65583333332,55180.144166666665,4.753221135900307,2023
SBGR,2024-01,11127,301759.23333333334,245944.4225,55814.81083333335,5.016159866391062,2023
SBGR,2024-02,9852,259919.96666666667,216999.46125,42920.50541666668,4.356527143388822,2023
SBGR,2024-03,10588,278049.01666666666,233381.33,44667.686666666676,4.2187086009318735,2023
SBGR,2024-04,9619,252071.56666666668,211445.62833333333,40625.93833333335,4.223509547076968,2023
SBGR,2024-05,10509,272573.15,231896.31625,40676.83375000002,3.8706664525644703,2023
SBGR,2024-06,9919,261401.21666666667,218384.13791666666,43017.078750000015,4.336836248613773,2023
SBGR,2024-07,11041,288258.9166666667,242864.00083333332,45394.91583333336,4.111485901035537,2023
SBGR,2024-08,10682,281884.1666666667,234306.26458333334,47577.90208333335,4.4540256584285105,2023
SBGR,2024-09,10697,281581.0833333333,235773.22,45807.86333333331,4.282309370228411,2023
SBGR,2024-10,11062,295853.0333333333,243947.04083333333,51905.99249999999,4.692279199059844,2023
SBGR,2024-11,10566,284115.98333333334,233227.59958333333,50888.38375000001,4.816239234336552,2023
SBGR,2024-12,8253,221610,182069.78916666665,39540.210833333345,4.791010642594614,2023
SBSP,2021-02,5,117.96666666666667,119.43333333333332,-1.4666666666666544,-0.2933333333333309,2023
SBSP,2021-03,2124,53867.583333333336,51825.08375,2042.4995833333378,0.9616288057124942,2023
SBSP,2021-04,2140,54267.46666666667,51764.261249999996,2503.205416666671,1.1697221573208745,2023
SBSP,2021-05,3261,86314.03333333334,80780.68625,5533.347083333341,1.696825232546256,2023
SBSP,2021-06,3592,96255.73333333334,87620.39416666667,8635.339166666672,2.4040476521900533,2023
SBSP,2021-07,4418,121390.76666666666,108763.34166666666,12627.425000000003,2.8581767768220923,2023
SBSP,2021-08,4726,128234.21666666666,115374.70624999999,12859.510416666672,2.7210136302722536,2023
SBSP,2021-09,5333,144463.03333333333,128973.15416666666,15489.879166666666,2.9045338771173195,2023
SBSP,2021-10,5221,144760.83333333334,125570.82291666666,19190.010416666686,3.6755430792313133,2023
SBSP,2021-11,6119,168177.51666666666,147543.69958333333,20633.817083333328,3.3720897341613543,2023
SBSP,2021-12,6531,181636.51666666666,157832.53041666665,23803.986250000016,3.6447689863726866,2023
SBSP,2022-01,5365,148245.41666666666,130928.38833333332,17317.028333333335,3.227777881329606,2023
SBSP,2022-02,4912,131470.13333333333,118786.84791666667,12683.285416666666,2.5821020799402823,2023
SBSP,2022-03,6285,175338.96666666667,154626.69083333333,20712.275833333348,3.2955092813577322,2023
SBSP,2022-04,6085,169329.25,147406.40791666665,21922.84208333335,3.6027678033415533,2023
SBSP,2022-05,7953,232032.21666666667,195753.50666666665,36278.71000000002,4.561638375455805,2023
SBSP,2022-06,6634,186266.73333333334,161784.02083333334,24482.712499999994,3.6904902773590584,2023
SBSP,2022-07,7890,223510.81666666668,193198.92208333334,30311.894583333342,3.841811734262781,2023
SBSP,2022-08,7956,239425.88333333333,192707.47166666665,46718.41166666668,5.872097997318588,2023
SBSP,2022-09,7577,227220.35,182752.94958333333,44467.40041666667,5.868734382561261,2023
SBSP,2022-10,7992,235366.68333333332,193143.13333333333,42223.54999999999,5.283226976976976,2023
SBSP,2022-11,7258,222274.16666666666,173357.5925,48916.57416666666,6.739676793423348,2023
SBSP,2022-12,8310,251816.13333333333,201276.54249999998,50539.59083333335,6.08177988367429,2023
SBSP,2023-01,8465,251189.06666666668,206051.54583333334,45137.52083333334,5.332252904114984,2023
SBSP,2023-02,7337,226323.6,180286.175,46037.42500000002,6.274693335150609,2023
SBSP,2023-03,8316,257136.85,201857.755,55279.095,6.647317821067821,2023
SBSP,2023-04,7921,246610.3,191022.39666666667,55587.90333333332,7.0177885788831365,2023
SBSP,2023-05,9273,278133.0833333333,223062.32083333333,55070.76249999998,5.938829127574677,2023
SBSP,2023-06,8376,256427.68333333332,204546.69958333333,51880.983749999985,6.194004745702004,2023
SBSP,2023-07,9164,281845.48333333334,222508.27666666667,59337.206666666665,6.475033464280518,2023
SBSP,2023-08,9293,290714.75,224929.97833333333,65784.77166666667,7.078959611176872,2023
SBSP,2023-09,8605,260943.86666666667,208338.9325,52604.93416666667,6.113298566724773,2023
SBSP,2023-10,8939,276130.81666666665,216223.14208333334,59907.67458333331,6.701831813774842,2023
SBSP,2023-11,8254,249823.5,200864.86125,48958.63875000001,5.931504573540104,2023
SBSP,2023-12,8913,264252.43333333335,214927.99625,49324.43708333335,5.53398822880437,2023
SBSP,2024-01,8465,257036.78333333333,205221.8975,51814.885833333334,6.121073341208899,2023
SBSP,2024-02,8058,244874.5,194801.60708333334,50072.892916666664,6.214059681889633,2023
SBSP,2024-03,8812,267074.01666666666,211954.9925,55119.02416666667,6.254995933575428,2023
SBSP,2024-04,8274,247732.83333333334,200246.17208333334,47486.661250000005,5.739262901861252,2023
SBSP,2024-05,8227,247938.08333333334,202538.52125,45399.56208333335,5.518361745877398,2023
SBSP,2024-06,7361,219515.98333333334,182164.31375,37351.669583333336,5.074265668161029,2023
SBSP,2024-07,7519,216083.13333333333,182404.43666666665,33678.696666666685,4.479145719732236,2023
SBSP,2024-08,7990,235533.83333333334,195795.35333333333,39738.48000000001,4.9735269086357965,2023
SBSP,2024-09,8301,247428.46666666667,202077.81916666665,45350.64750000002,5.463275207806291,2023
SBSP,2024-10,8822,265175.85,212910.06083333332,52265.789166666655,5.924483015944984,2023
SBSP,2024-11,8213,251765.81666666668,198928.05958333332,52837.75708333336,6.433429573034623,2023
SBSP,2024-12,6324,191947.71666666667,153182.9875,38764.729166666686,6.129780070630406,2023
SBKP,2021-02,6,146.75,133.95,12.800000000000011,2.133333333333335,2023
SBKP,2021-03,1895,46462.38333333333,42482.541666666664,3979.841666666667,2.100180299032542,2023
SBKP,2021-04,1882,45148.6,42110.85291666667,3037.747083333328,1.614105782855116,2023
SBKP,2021-05,2533,62156.61666666667,56808.88333333333,5347.733333333337,2.1112251612054234,2023
SBKP,2021-06,2566,65367.88333333333,57590.2975,7777.585833333331,3.0310155235125995,2023
SBKP,2021-07,2611,68361.06666666667,58588.63458333333,9772.432083333333,3.7427928316098558,2023
SBKP,2021-08,3164,83427.65,70982.6,12445.049999999988,3.9333280657395666,2023
SBKP,2021-09,3151,81665,70537.90958333334,11127.090416666659,3.5312886120808185,2023
SBKP,2021-10,2958,78134.9,66181.385,11953.515,4.041080121703854,2023
SBKP,2021-11,3314,88927.2,74223.33333333333,14703.866666666669,4.4368939851136595,2023
SBKP,2021-12,3039,80666.23333333334,68212.60791666666,12453.625416666677,4.097935313151259,2023
SBKP,2022-01,2274,61926.11666666667,51200.01583333333,10726.100833333338,4.71684293462328,2023
SBKP,2022-02,2476,65362.51666666667,55845.85291666667,9516.66375,3.843563711631664,2023
SBKP,2022-03,3296,89810.56666666667,74170.61375,15639.952916666662,4.74513134607605,2023
SBKP,2022-04,2834,76107.18333333333,63713.43041666667,12393.752916666665,4.37323673841449,2023
SBKP,2022-05,3706,100817.73333333334,83501.16458333333,17316.568750000006,4.672576565029683,2023
SBKP,2022-06,2971,78461.93333333333,66958.8525,11503.08083333334,3.871787557500283,2023
SBKP,2022-07,3537,93956.46666666666,79538.68000000001,14417.786666666652,4.076275563094898,2023
SBKP,2022-08,3639,98474.13333333333,81878.3575,16595.775833333333,4.560531968489512,2023
SBKP,2022-09,3689,98905.65,83273.16208333333,15632.487916666665,4.237594989608747,2023
SBKP,2022-10,3910,106562.68333333333,88349.875,18212.808333333334,4.658007246376812,2023
SBKP,2022-11,3196,86400.86666666667,72114.45916666667,14286.407500000001,4.4700899561952445,2023
SBKP,2022-12,3627,100341.63333333333,81866.72583333333,18474.9075,5.093715880893301,2023
SBKP,2023-01,3617,98393.86666666667,81668.13333333333,16725.733333333337,4.6242005345129495,2023
SBKP,2023-02,3131,84967.13333333333,70798.14,14168.993333333332,4.525389119557117,2023
SBKP,2023-03,3347,90194.06666666667,75637.35041666667,14556.716249999998,4.349183223782491,2023
SBKP,2023-04,3227,84795.15,72877.86875,11917.28125,3.692990780911063,2023
SBKP,2023-05,3398,88352.13333333333,76726.60833333334,11625.524999999994,3.4212845791642126,2023
SBKP,2023-06,3119,80879.85,70370.06791666667,10509.782083333339,3.3695998984717344,2023
SBKP,2023-07,3318,86744.88333333333,74731.18208333333,12013.701249999998,3.620765898131404,2023
SBKP,2023-08,3349,86589.53333333334,75787.3175,10802.215833333335,3.2255048770777353,2023
SBKP,2023-09,3051,78591.11666666667,68972.34958333333,9618.76708333334,3.1526604665137135,2023
SBKP,2023-10,3280,85119.38333333333,74066.85416666667,11052.52916666666,3.369673526422762,2023
SBKP,2023-11,3210,83781.26666666666,72512.63375,11268.63291666667,3.5104775441329186,2023
SBKP,2023-12,3124,80500.03333333334,70627.68791666666,9872.345416666678,3.1601617851045702,2023
SBKP,2024-01,2678,69367.91666666667,60721.15541666667,8646.761250000003,3.228813013442869,2023
SBKP,2024-02,2755,69589.9,62522.66333333334,7067.236666666657,2.565240169388986,2023
SBKP,2024-03,3045,77338.56666666667,68787.26333333334,8551.30333333333,2.80830979748221,2023
SBKP,2024-04,2843,72336.71666666666,64093.6075,8243.109166666662,2.899440438503926,2023
SBKP,2024-05,3083,78973.25,69290.01708333334,9683.23291666666,3.1408475240566527,2023
SBKP,2024-06,2914,75367.41666666667,65671.11166666666,9696.305000000008,3.327489704873029,2023
SBKP,2024-07,2918,74553.43333333333,65770.6825,8782.750833333339,3.0098529243774292,2023
SBKP,2024-08,3023,77575.53333333334,68256.34291666666,9319.190416666679,3.0827622946300623,2023
SBKP,2024-09,3062,78829.3,69239.10916666666,9590.190833333341,3.132002231656872,2023
SBKP,2024-10,3119,80958.91666666667,70641.24791666667,10317.668749999997,3.308005370310996,2023
SBKP,2024-11,2994,77870.45,67964.17166666666,9906.278333333335,3.308710198174127,2023
SBKP,2024-12,2293,59797.9,51919.76708333333,7878.132916666669,3.435731756069197,2023
SBBR,2021-02,1,22.483333333333334,20.066666666666666,2.416666666666668,2.416666666666668,2023
SBBR,2021-03,2166,54145.85,45867.854999999996,8277.995000000003,3.821789012003695,2023
SBBR,2021-04,2141,54471.4,45640.25083333333,8831.14916666667,4.124777751829365,2023
SBBR,2021-05,3208,80181.06666666667,68412.50875,11768.557916666672,3.668503091230259,2023
SBBR,2021-06,3468,87070.83333333333,73930.08125,13140.752083333326,3.789144199346403,2023
SBBR,2021-07,3911,98395.31666666667,83050.57083333333,15344.745833333334,3.9234839768175234,2023
SBBR,2021-08,4364,110179.95,92598.36291666667,17581.587083333332,4.028777975099297,2023
SBBR,2021-09,4684,118569.33333333333,99224.46958333332,19344.863750000004,4.129987991033306,2023
SBBR,2021-10,4516,114690.21666666666,95045.42708333333,19644.78958333333,4.350041980366106,2023
SBBR,2021-11,5087,129012.78333333334,106700.65291666666,22312.13041666668,4.38610780748313,2023
SBBR,2021-12,5141,131243.85,107823.78916666667,23420.060833333337,4.5555457757894064,2023
SBBR,2022-01,4034,98698.98333333334,84308.64666666667,14390.33666666667,3.567262435960999,2023
SBBR,2022-02,3732,92998.98333333334,78188.04541666666,14810.937916666677,3.968632882279388,2023
SBBR,2022-03,4596,113454.7,97444.39499999999,16010.305000000008,3.483530243690167,2023
SBBR,2022-04,3668,89917.73333333334,77763.05208333333,12154.681250000009,3.3137080834242116,2023
SBBR,2022-05,4822,119814.28333333334,102031.8875,17782.395833333343,3.687763549011477,2023
SBBR,2022-06,4160,102173.73333333334,88233.75291666666,13939.980416666673,3.350956830929489,2023
SBBR,2022-07,5268,129801.93333333333,111530.81874999999,18271.114583333343,3.4683209155909913,2023
SBBR,2022-08,5244,129519,110726.94291666667,18792.057083333333,3.583534912916349,2023
SBBR,2022-09,5068,126015.55,106866.53,19149.020000000004,3.7784175217048155,2023
SBBR,2022-10,5203,127312.56666666667,109165.89916666667,18146.667499999996,3.4877315971554865,2023
SBBR,2022-11,4644,116636,97455.85916666666,19180.14083333334,4.130090618719496,2023
SBBR,2022-12,5396,134463.45,112710.93041666667,21752.519583333342,4.031230463923896,2023
SBBR,2023-01,5370,131547.93333333332,112174.9525,19372.98083333332,3.607631440099315,2023
SBBR,2023-02,4579,111727.3,96550.08833333333,15177.21166666667,3.3145253694401986,2023
SBBR,2023-03,5048,124240.73333333334,106287.85833333332,17952.875000000015,3.556433240887483,2023
SBBR,2023-04,4901,121097.16666666667,103020.48708333333,18076.679583333345,3.6883655546487137,2023
SBBR,2023-05,5842,144454.66666666666,123205.06125,21249.605416666658,3.6373853845714925,2023
SBBR,2023-06,5610,139866.08333333334,118758.49208333333,21107.591250000012,3.7624939839572216,2023
SBBR,2023-07,5389,132264.31666666668,113740.405,18523.91166666668,3.437356033896211,2023
SBBR,2023-08,5526,135206.15,116557.82083333333,18648.329166666663,3.374652400772107,2023
SBBR,2023-09,5169,126327.6,109093.7425,17233.857500000013,3.334079609208747,2023
SBBR,2023-10,5286,127969.68333333333,111260.26208333333,16709.42125,3.161070989405978,2023
SBBR,2023-11,5008,121299.18333333333,105181.64375,16117.539583333331,3.2183585429978696,2023
SBBR,2023-12,5304,130436.53333333334,111343.30291666667,19093.230416666673,3.599779490321771,2023
SBBR,2024-01,4852,119988.08333333333,101281.11624999999,18706.967083333337,3.8555167113217923,2023
SBBR,2024-02,4725,114507.15,99417.59041666666,15089.559583333335,3.193557583774251,2023
SBBR,2024-03,5366,130870.35,112809.06,18061.290000000008,3.3658758852031325,2023
SBBR,2024-04,4771,116500.26666666666,100561.81999999999,15938.44666666667,3.340693076224412,2023
SBBR,2024-05,5243,127796.95,110647.22708333333,17149.722916666666,3.270975189141077,2023
SBBR,2024-06,4823,118115.28333333334,101912.34166666666,16202.94166666668,3.35951517036423,2023
SBBR,2024-07,5093,124754.21666666666,107459.10916666666,17295.1075,3.395858531317494,2023
SBBR,2024-08,5361,132532.18333333332,113083.43958333333,19448.743749999994,3.627820136168624,2023
SBBR,2024-09,5304,131081.55,112129.56375,18951.986249999987,3.573149745475111,2023
SBBR,2024-10,5461,135056.1,115021.67083333332,20034.429166666683,3.6686374595617437,2023
SBBR,2024-11,4970,121787.1,104489.67333333332,17297.42666666668,3.4803675385647246,2023
SBBR,2024-12,3833,94134.91666666667,80688.27541666667,13446.64125,3.5081245108270287,2023
SBRJ,2021-02,4,95.31666666666666,86.18291666666667,9.133749999999992,2.283437499999998,2023
SBRJ,2021-03,1381,32748.466666666667,29218.726666666666,3529.7400000000016,2.5559304851556854,2023
SBRJ,2021-04,1393,33618.8,29394.11333333333,4224.686666666672,3.0327973199330023,2023
SBRJ,2021-05,2134,51873.76666666667,45198.556666666664,6675.210000000006,3.1280271790065632,2023
SBRJ,2021-06,2420,59644.28333333333,51289.54458333333,8354.738750000004,3.4523713842975225,2023
SBRJ,2021-07,2688,66636.86666666667,56818.68666666667,9818.18,3.652596726190476,2023
SBRJ,2021-08,2949,73293.73333333334,62292.371666666666,11001.361666666671,3.7305397309822554,2023
SBRJ,2021-09,3179,77917.8,66838.91791666666,11078.882083333345,3.4850211020237007,2023
SBRJ,2021-10,3031,74958.28333333334,63770.392499999994,11187.890833333346,3.6911550093478542,2023
SBRJ,2021-11,3587,88076.38333333333,75438.66583333333,12637.717499999999,3.52319974909395,2023
SBRJ,2021-12,3661,91146.26666666666,77027.4475,14118.819166666668,3.856547163798598,2023
SBRJ,2022-01,2786,69441.18333333333,58708.11458333333,10733.068750000006,3.8525013460157953,2023
SBRJ,2022-02,2762,68441.65,58299.776666666665,10141.87333333333,3.6719309678976573,2023
SBRJ,2022-03,3667,91836.3,77204.78666666667,14631.513333333336,3.9900499954549593,2023
SBRJ,2022-04,3628,92472.43333333333,76512.47666666667,15959.956666666665,4.3991060271958835,2023
SBRJ,2022-05,4553,112584.4,96220.27458333333,16364.125416666662,3.5941413170803123,2023
SBRJ,2022-06,3888,96891.31666666667,82109.2475,14782.069166666668,3.80197252229081,2023
SBRJ,2022-07,4640,118697.8,98078.29541666666,20619.504583333342,4.443858746408048,2023
SBRJ,2022-08,4655,117929.53333333334,98254.03291666666,19675.500416666677,4.226745524525602,2023
SBRJ,2022-09,4579,119793.38333333333,96424.77208333333,23368.61125,5.103431153090194,2023
SBRJ,2022-10,4740,122034.1,99867.31083333334,22166.78916666667,4.676537798874825,2023
SBRJ,2022-11,4236,110230.73333333334,89171.19166666667,21059.54166666667,4.9715631885426514,2023
SBRJ,2022-12,4837,126356.23333333334,101808.73708333333,24547.49625000001,5.07494237130453,2023
SBRJ,2023-01,4925,130066.25,103874.17625,26192.073749999996,5.318187563451776,2023
SBRJ,2023-02,4324,119526.53333333334,91440.12791666666,28086.405416666676,6.495468412735124,2023
SBRJ,2023-03,4862,124918.26666666666,102424.04,22494.22666666667,4.626537775949541,2023
SBRJ,2023-04,4667,119442.71666666666,98407.47,21035.24666666666,4.507230912077707,2023
SBRJ,2023-05,5461,140369.01666666666,115248.32416666666,25120.692500000005,4.600016938289691,2023
SBRJ,2023-06,4955,126343.53333333334,104759.84291666666,21583.69041666668,4.355941557349481,2023
SBRJ,2023-07,5249,133294.71666666667,110778.37541666666,22516.341250000012,4.28964397980568,2023
SBRJ,2023-08,5396,138359.71666666667,113793.76708333332,24565.94958333335,4.552622235606625,2023
SBRJ,2023-09,5030,124901.08333333333,106035.55208333333,18865.53125,3.750602634194831,2023
SBRJ,2023-10,4086,101463.45,85821.20666666667,15642.243333333332,3.828253385544134,2023
SBRJ,2023-11,3739,89293.23333333334,78305.95541666666,10987.277916666673,2.938560555406973,2023
SBRJ,2023-12,3161,75184.26666666666,65859.34916666667,9324.917499999996,2.949989718443529,2023
SBRJ,2024-01,2127,50936.683333333334,44453.7625,6482.920833333337,3.047917646136971,2023
SBRJ,2024-02,2432,58204.25,50984.33333333333,7219.9166666666715,2.9687157346491246,2023
SBRJ,2024-03,2553,60654.88333333333,53275.50125,7379.38208333333,2.890474768246506,2023
SBRJ,2024-04,2607,61151.85,54394.625,6757.2249999999985,2.5919543536632137,2023
SBRJ,2024-05,2821,63929.666666666664,58951.59375,4978.072916666664,1.7646483221079987,2023
SBRJ,2024-06,2465,57698.05,51728.572916666664,5969.477083333339,2.4216945571332005,2023
SBRJ,2024-07,2558,59992.833333333336,53501.02166666667,6491.811666666668,2.537846624967423,2023
SBRJ,2024-08,2542,59561.1,53288.24333333333,6272.856666666667,2.4676855494361396,2023
SBRJ,2024-09,2838,67138.23333333334,59401.01625,7737.217083333337,2.7262921364810913,2023
SBRJ,2024-10,2840,65902.86666666667,59223.20958333333,6679.657083333339,2.3519919307511756,2023
SBRJ,2024-11,2411,58315,50321.435,7993.565000000002,3.315456242223145,2023
SBRJ,2024-12,1841,44177.98333333333,38458.41083333333,5719.572500000002,3.1067748506246615,2023
SBPA,2021-03,1,26.2,21.583333333333336,4.616666666666664,4.616666666666664,2023
SBPA,2021-04,3,106.11666666666666,69.99000000000001,36.12666666666665,12.042222222222216,2023
SBPA,2021-05,25,672.3666666666667,556.1033333333334,116.26333333333332,4.650533333333333,2023
SBPA,2021-06,89,2205.983333333333,1949.6933333333334,256.28999999999974,2.8796629213483116,2023
SBPA,2021-07,115,2794.8166666666666,2497.385,297.4316666666664,2.5863623188405773,2023
SBPA,2021-08,121,2986.5,2648.9783333333335,337.52166666666653,2.789435261707988,2023
SBPA,2021-09,118,2995.366666666667,2563.541666666667,431.8249999999998,3.6595338983050834,2023
SBPA,2021-10,125,3089.0833333333335,2729.6400000000003,359.44333333333316,2.8755466666666654,2023
SBPA,2021-11,185,4718.183333333333,4006.5083333333337,711.6749999999997,3.8468918918918904,2023
SBPA,2021-12,200,4969.55,4339.528333333334,630.0216666666665,3.150108333333333,2023
SBPA,2022-01,144,3551.3333333333335,3115.6000000000004,435.7333333333331,3.0259259259259244,2023
SBPA,2022-02,99,2432.016666666667,2154.4900000000002,277.52666666666664,2.803299663299663,2023
SBPA,2022-03,137,3480.6,2979.7425000000003,500.8574999999996,3.655894160583939,2023
SBPA,2022-04,102,2610.9,2220.876666666667,390.0233333333331,3.823758169934638,2023
SBPA,2022-05,134,3372.3,2918.48,453.82000000000016,3.386716417910449,2023
SBPA,2022-06,112,2802.9166666666665,2441.9558333333334,360.9608333333331,3.222864583333331,2023
SBPA,2022-07,145,3552.0333333333333,3155.8675000000003,396.165833333333,2.732178160919538,2023
SBPA,2022-08,136,3430.383333333333,2987.6083333333336,442.77499999999964,3.255698529411762,2023
SBPA,2022-09,130,3147.366666666667,2813.9558333333334,333.41083333333336,2.564698717948718,2023
SBPA,2022-10,126,3180.5166666666664,2737.0800000000004,443.43666666666604,3.5193386243386193,2023
SBPA,2022-11,139,3370.7166666666667,3012.9550000000004,357.7616666666663,2.573824940047959,2023
SBPA,2022-12,135,3300.4,2939.2883333333334,361.1116666666667,2.6749012345679013,2023
SBPA,2023-01,154,3747.5666666666666,3344.616666666667,402.9499999999998,2.6165584415584404,2023
SBPA,2023-02,116,2871.1,2511.076666666667,360.0233333333331,3.103649425287354,2023
SBPA,2023-03,135,3258.5833333333335,2928.2450000000003,330.33833333333314,2.446950617283949,2023
SBPA,2023-04,131,3285.4166666666665,2845.0483333333336,440.3683333333329,3.3615903307888004,2023
SBPA,2023-05,154,3691.516666666667,3337.6658333333335,353.8508333333334,2.2977326839826846,2023
SBPA,2023-06,174,4313.95,3755.241666666667,558.708333333333,3.21096743295019,2023
SBPA,2023-07,132,3261.1,2862.045,399.05499999999984,3.0231439393939383,2023
SBPA,2023-08,143,3573.4333333333334,3113.9075000000003,459.52583333333314,3.2134673659673645,2023
SBPA,2023-09,139,3399.366666666667,3010.3025000000002,389.06416666666655,2.7990227817745796,2023
SBPA,2023-10,148,3677.633333333333,3244.2583333333337,433.37499999999955,2.9282094594594565,2023
SBPA,2023-11,141,3526.85,3068.384166666667,458.46583333333274,3.251530732860516,2023
SBPA,2023-12,141,3322.95,3057.496666666667,265.4533333333329,1.882647754137113,2023
SBPA,2024-01,144,3488.45,3139.6050000000005,348.84499999999935,2.4225347222222178,2023
SBPA,2024-02,110,2600.1,2400.1308333333336,199.9691666666663,1.8179015151515119,2023
SBPA,2024-03,139,3435.25,3042.959166666667,392.290833333333,2.8222362110311727,2023
SBPA,2024-04,117,2872.6,2553.846666666667,318.7533333333331,2.7243874643874624,2023
SBPA,2024-05,13,328.0833333333333,280.88000000000005,47.20333333333326,3.6310256410256354,2023
SBPA,2024-10,15,353.65,321.57500000000005,32.07499999999993,2.1383333333333288,2023
SBPA,2024-11,49,1279.5833333333333,1047.4333333333334,232.14999999999986,4.737755102040814,2023
SBPA,2024-12,41,955.6,886.3600000000001,69.2399999999999,1.6887804878048756,2023
SBCF,2021-02,7,169.15,149.06041666666667,20.089583333333337,2.8699404761904765,2023
SBCF,2021-03,1559,36657.98333333333,32003.035833333335,4654.947499999995,2.9858547145606122,2023
SBCF,2021-04,1484,34355.23333333333,30348.960833333334,4006.2724999999955,2.6996445417789725,2023
SBCF,2021-05,1962,45613.916666666664,40252.0325,5361.884166666663,2.7328665477403993,2023
SBCF,2021-06,2093,48835.46666666667,42592.70375,6242.762916666667,2.982686534480013,2023
SBCF,2021-07,2539,58739.083333333336,52030.18833333334,6708.894999999997,2.6423375344623854,2023
SBCF,2021-08,2733,63987.23333333333,55758.232500000006,8229.000833333324,3.010977253323573,2023
SBCF,2021-09,3025,71681.78333333334,61958.29416666667,9723.489166666674,3.2143765840220406,2023
SBCF,2021-10,2956,70893.98333333334,60579.30666666667,10314.676666666666,3.4894034731619303,2023
SBCF,2021-11,3250,79190.55,67057.63875,12132.911250000005,3.733203461538463,2023
SBCF,2021-12,3372,80571.16666666667,69412.18041666667,11158.986250000002,3.3093079033214714,2023
SBCF,2022-01,2855,71750.51666666666,59141.89,12608.626666666663,4.416331582019847,2023
SBCF,2022-02,2446,58364.2,50345.16791666667,8019.032083333324,3.278426853366036,2023
SBCF,2022-03,3082,72198.66666666667,62870.03416666667,9328.6325,3.026811323815704,2023
SBCF,2022-04,2789,66559.21666666666,57139.36583333334,9419.850833333323,3.3775011951715035,2023
SBCF,2022-05,3549,86029.15,72994.85416666667,13034.295833333323,3.672667183244103,2023
SBCF,2022-06,3185,75878.1,65279.52541666667,10598.574583333335,3.3276529304029308,2023
SBCF,2022-07,3931,95291.05,80766.11583333334,14524.934166666659,3.694971805308232,2023
SBCF,2022-08,3669,87717.03333333334,75324.29916666666,12392.734166666676,3.377687153629511,2023
SBCF,2022-09,3686,88522.68333333333,75848.66750000001,12674.015833333324,3.4384199222282485,2023
SBCF,2022-10,3912,94037.38333333333,80576.90208333333,13460.481249999997,3.440818315439672,2023
SBCF,2022-11,3205,79215,66119.81166666668,13095.188333333324,4.085862194487777,2023
SBCF,2022-12,3816,95489.05,79172.64791666667,16316.402083333334,4.275786709468903,2023
SBCF,2023-01,3884,97627.5,80718.94333333334,16908.556666666656,4.353387401304494,2023
SBCF,2023-02,3308,80138.36666666667,68446.32541666667,11692.041249999995,3.534474380290204,2023
SBCF,2023-03,3506,83911.7,72032.87000000001,11878.829999999987,3.388143183114657,2023
SBCF,2023-04,3332,80108.88333333333,68781.24041666667,11327.642916666664,3.399652736094437,2023
SBCF,2023-05,3778,89924.2,77813.42583333334,12110.774166666655,3.205604596788421,2023
SBCF,2023-06,3495,83093.88333333333,71779.88708333333,11313.996249999997,3.237194921316165,2023
SBCF,2023-07,3894,93235.55,80272.11416666667,12963.435833333337,3.3290795668549915,2023
SBCF,2023-08,3748,89143.15,77396.51875,11746.631249999991,3.1341065234791867,2023
SBCF,2023-09,3610,85244.26666666666,74447.20416666668,10797.062499999985,2.9908760387811593,2023
SBCF,2023-10,3922,94170.4,81191.24791666667,12979.15208333332,3.309319756076828,2023
SBCF,2023-11,3703,88466.85,76692.485,11774.365000000005,3.1796826897110466,2023
SBCF,2023-12,3932,95265.16666666667,81477.3275,13787.839166666672,3.5065715072906083,2023
SBCF,2024-01,3864,93839.25,79896.11458333334,13943.135416666657,3.6084718987232547,2023
SBCF,2024-02,3643,88407.16666666667,75415.02791666667,12992.138749999998,3.566329604721383,2023
SBCF,2024-03,3873,93142.85,80130.32458333333,13012.525416666671,3.3598051682588874,2023
SBCF,2024-04,3700,87946.83333333333,75947.37083333333,11999.462499999994,3.243097972972971,2023
SBCF,2024-05,3916,93613.68333333333,80704.86208333334,12908.821249999994,3.296430349846781,2023
SBCF,2024-06,3642,85900.53333333334,74835.5175,11065.015833333338,3.0381701903715923,2023
SBCF,2024-07,3929,94805.65,81326.32291666667,13479.327083333323,3.430727178247219,2023
SBCF,2024-08,4217,104578.56666666667,87957.11833333333,16621.448333333334,3.94153387084025,2023
SBCF,2024-09,4379,107182.05,90911.86375,16270.186249999999,3.7155026832610183,2023
SBCF,2024-10,4534,109825.58333333333,93804.61583333334,16020.967499999984,3.533517313630345,2023
SBCF,2024-11,4190,102012,87041.45083333334,14970.549166666664,3.5729234287987266,2023
SBCF,2024-12,3103,77015.81666666667,65158.21916666667,11857.597499999996,3.821333387044794,2023
SBSV,2021-02,6,139.56666666666666,119.65,19.916666666666657,3.319444444444443,2023
SBSV,2021-03,1230,30717.183333333334,25823.525416666667,4893.657916666667,3.978583672086721,2023
SBSV,2021-04,1109,27857.85,23632.00375,4225.846249999999,3.8105015779981954,2023
SBSV,2021-05,1543,37857.75,32925.690416666665,4932.0595833333355,3.196409321667748,2023
SBSV,2021-06,1879,46147.78333333333,39917.67916666667,6230.104166666664,3.3156488380344142,2023
SBSV,2021-07,2140,51853.166666666664,44837.072916666664,7016.09375,3.278548481308411,2023
SBSV,2021-08,2077,50923.03333333333,43543.90083333333,7379.1325,3.5527840635532018,2023
SBSV,2021-09,2396,58775.51666666667,49900.8225,8874.694166666668,3.7039625069560382,2023
SBSV,2021-10,2368,57261.066666666666,49472.027083333334,7789.039583333331,3.2892903645833327,2023
SBSV,2021-11,2622,64891.26666666667,54795.417499999996,10095.849166666674,3.8504382786676867,2023
SBSV,2021-12,2819,69122.28333333334,58567.99291666666,10554.290416666678,3.743983829963348,2023
SBSV,2022-01,2509,62321.38333333333,52166.53208333333,10154.85125,4.047369968114786,2023
SBSV,2022-02,2265,56210.55,47426.56291666666,8783.98708333334,3.8781399926416515,2023
SBSV,2022-03,2682,66551.26666666666,56014.69541666666,10536.57125,3.9286246271439227,2023
SBSV,2022-04,2139,53046.88333333333,45087.22625,7959.657083333332,3.7212048075424646,2023
SBSV,2022-05,2491,61114.63333333333,52708.89833333333,8405.735,3.3744419911682058,2023
SBSV,2022-06,2385,59265.28333333333,50820.03875,8445.244583333333,3.5409830538085254,2023
SBSV,2022-07,2710,67475.51666666666,56697.305,10778.211666666662,3.9771998769987684,2023
SBSV,2022-08,2502,62395.75,52783.83416666667,9611.915833333333,3.841692978950173,2023
SBSV,2022-09,2406,59618.38333333333,50697.575,8920.808333333334,3.7077341368800227,2023
SBSV,2022-10,2440,60179.25,51301.525416666664,8877.724583333336,3.6384117144808754,2023
SBSV,2022-11,2104,51812.73333333333,44234.003333333334,7578.729999999996,3.6020579847908727,2023
SBSV,2022-12,2793,67001.86666666667,58186.730833333335,8815.135833333334,3.156153180570474,2023
SBSV,2023-01,2841,67741.91666666667,58919.152916666666,8822.763750000006,3.1055134635691677,2023
SBSV,2023-02,2311,55400.583333333336,48270.9275,7129.655833333338,3.0850955574787267,2023
SBSV,2023-03,2217,52560.683333333334,46106.44708333333,6454.236250000002,2.911247744700046,2023
SBSV,2023-04,2204,52306.86666666667,46323.725,5983.14166666667,2.7146740774349682,2023
SBSV,2023-05,2503,61946.3,53414.04416666667,8532.255833333336,3.4088117592222678,2023
SBSV,2023-06,2426,59164.61666666667,51319.08375,7845.532916666671,3.233937723275627,2023
SBSV,2023-07,2978,71620.93333333333,62450.09208333333,9170.841250000005,3.0795303055742127,2023
SBSV,2023-08,2749,65054.96666666667,57281.7075,7773.25916666667,2.827667939856919,2023
SBSV,2023-09,2638,62247.4,55004.78208333333,7242.61791666667,2.7454957985847877,2023
SBSV,2023-10,2721,65234.1,56750.16958333333,8483.93041666667,3.1179457613622454,2023
SBSV,2023-11,2570,61299.3,53488.5025,7810.797500000001,3.039220817120623,2023
SBSV,2023-12,3031,72012.35,63026.941249999996,8985.40875000001,2.9645030517980895,2023
SBSV,2024-01,3011,71176.95,62909.650416666664,8267.299583333333,2.7456989649064543,2023
SBSV,2024-02,2649,63155.05,55366.309583333335,7788.740416666667,2.9402568579338118,2023
SBSV,2024-03,2544,60452.816666666666,53040.229583333334,7412.587083333332,2.91375278432914,2023
SBSV,2024-04,2286,55604.36666666667,48896.96791666667,6707.39875,2.9341201881014873,2023
SBSV,2024-05,2474,60040.05,52235.90375,7804.146250000005,3.154464935327407,2023
SBSV,2024-06,2438,59607.85,51453.152916666666,8154.697083333333,3.34483063303254,2023
SBSV,2024-07,2757,65837.08333333333,57669.46666666667,8167.616666666661,2.962501511304556,2023
SBSV,2024-08,2327,56612.01666666667,48747.1475,7864.869166666671,3.3798320441197554,2023
SBSV,2024-09,2589,64752.05,54184.38958333333,10567.660416666673,4.081753733745336,2023
SBSV,2024-10,2634,63756.75,55249.22833333333,8507.521666666667,3.2298867375348017,2023
SBSV,2024-11,2399,57714.75,50260.237916666665,7454.512083333335,3.107341426983466,2023
SBSV,2024-12,2015,48182.98333333333,42215.705,5967.278333333328,2.9614284532671604,2023
SBGL,2021-02,1,22.866666666666667,19.866666666666667,3,3,2023
SBGL,2021-03,612,14942.3,13761.387916666667,1180.9120833333327,1.9295949074074064,2023
SBGL,2021-04,617,15317.566666666668,13727.645,1589.921666666667,2.57685845488925,2023
SBGL,2021-05,982,23975.366666666665,21742.412083333333,2232.9545833333323,2.273884504412762,2023
SBGL,2021-06,992,24159.016666666666,21956.705,2202.3116666666647,2.220072244623654,2023
SBGL,2021-07,1431,35439.98333333333,31611.082916666666,3828.9004166666637,2.6756816328907504,2023
SBGL,2021-08,1612,40210.25,35621.091250000005,4589.158749999995,2.8468726736972676,2023
SBGL,2021-09,1863,45715.35,41025.23291666667,4690.117083333331,2.517507827876184,2023
SBGL,2021-10,1841,45620.916666666664,40561.073333333334,5059.8433333333305,2.74842114792685,2023
SBGL,2021-11,2125,52999.166666666664,46978.33,6020.8366666666625,2.8333349019607823,2023
SBGL,2021-12,2225,55543.65,49264.418333333335,6279.231666666667,2.8221265917603,2023
SBGL,2022-01,1960,48222.35,43427.04,4795.309999999998,2.4465867346938763,2023
SBGL,2022-02,1771,43274.183333333334,39250.09333333334,4024.0899999999965,2.272213438735176,2023
SBGL,2022-03,2080,50713.96666666667,45976.47625,4737.490416666667,2.277639623397436,2023
SBGL,2022-04,1395,34844.13333333333,30975.81,3868.32333333333,2.772991636798086,2023
SBGL,2022-05,1602,38948.75,35450.66,3498.0899999999965,2.183576779026215,2023
SBGL,2022-06,1452,35017.46666666667,32271.125,2746.341666666667,1.8914198806244265,2023
SBGL,2022-07,1799,44373.85,40122.37583333333,4251.474166666667,2.3632430053733557,2023
SBGL,2022-08,1749,43665.73333333333,38839.15,4826.5833333333285,2.7596245473603935,2023
SBGL,2022-09,1893,47205.916666666664,41889.86833333333,5316.048333333332,2.808266420144391,2023
SBGL,2022-10,1904,46795.15,42279.57625,4515.573750000003,2.371624868697481,2023
SBGL,2022-11,1639,41623.61666666667,36505.795,5117.82166666667,3.1225269473256074,2023
SBGL,2022-12,2141,53861.6,47566.01791666667,6295.582083333327,2.940486727385954,2023
SBGL,2023-01,2403,60007.05,53232.177083333336,6774.872916666667,2.8193395408517135,2023
SBGL,2023-02,2041,50201.88333333333,45271.57125,4930.3120833333305,2.415635513637105,2023
SBGL,2023-03,1970,47656.5,43473.17833333334,4183.321666666663,2.1235135363790167,2023
SBGL,2023-04,1867,45197.96666666667,41044.59666666667,4153.369999999995,2.22462238885913,2023
SBGL,2023-05,1962,47161.933333333334,43072.831666666665,4089.101666666669,2.0841496772001373,2023
SBGL,2023-06,1818,44403.23333333333,40114.75041666667,4288.4829166666605,2.358901494316095,2023
SBGL,2023-07,2230,54892.933333333334,49341.80625,5551.127083333333,2.4892946562032883,2023
SBGL,2023-08,2284,56148.066666666666,50219.385833333334,5928.680833333332,2.595744673088149,2023
SBGL,2023-09,2117,50858.65,46693.770416666666,4164.879583333335,1.9673498267989302,2023
SBGL,2023-10,2681,66228,59199.67875,7028.321250000001,2.6215297463632976,2023
SBGL,2023-11,2917,70799.31666666667,64542.565,6256.751666666663,2.1449268655010845,2023
SBGL,2023-12,3777,92070.53333333334,83395.21708333334,8675.316250000003,2.296880129732593,2023
SBGL,2024-01,4452,109761.93333333333,98575.36583333334,11186.56749999999,2.5127060871518396,2023
SBGL,2024-02,3861,93472.4,85153.10041666667,8319.299583333326,2.154700746784078,2023
SBGL,2024-03,3813,92843.85,84110.41625000001,8733.433749999997,2.2904363362182,2023
SBGL,2024-04,3408,81688.93333333333,74903.54458333334,6785.388749999998,1.9910178257042248,2023
SBGL,2024-05,3681,88262.16666666667,81144.14416666667,7118.022500000006,1.933719777234449,2023
SBGL,2024-06,3404,81605.4,75088.91166666667,6516.488333333327,1.9143620250685451,2023
SBGL,2024-07,4145,102313.96666666666,91778.47708333333,10535.489583333328,2.5417345195014063,2023
SBGL,2024-08,3718,89675.53333333334,82209.43791666668,7466.095416666663,2.0080945176618243,2023
SBGL,2024-09,4239,102811.9,93888.45791666667,8923.442083333328,2.105081878587716,2023
SBGL,2024-10,4242,103145.21666666666,93693.23958333334,9451.977083333317,2.2281888456702776,2023
SBGL,2024-11,4243,105019.46666666666,93757.47333333334,11261.993333333317,2.6542524943043406,2023
SBGL,2024-12,3373,83320.2,74689.74833333334,8630.45166666666,2.5586871232335193,2023
SBCT,2021-02,1,24.016666666666666,21.467916666666667,2.5487499999999983,2.5487499999999983,2023
SBCT,2021-03,587,13633.433333333332,12140.869999999999,1492.5633333333335,2.542697331061897,2023
SBCT,2021-04,605,13950.45,12472.581666666665,1477.8683333333356,2.4427575757575797,2023
SBCT,2021-05,951,23236.683333333334,19686.58875,3550.0945833333353,3.7330121801612357,2023
SBCT,2021-06,1143,29471.933333333334,23684.344166666662,5787.589166666672,5.06350758238554,2023
SBCT,2021-07,1253,32238.083333333332,25941.634166666663,6296.449166666669,5.0250990955041255,2023
SBCT,2021-08,1504,38713.55,31054.73416666666,7658.815833333341,5.092297761524828,2023
SBCT,2021-09,1724,43683.95,35615.50041666666,8068.449583333335,4.680075164346482,2023
SBCT,2021-10,1664,42238.416666666664,34262.73291666666,7975.683750000004,4.793079176682695,2023
SBCT,2021-11,1999,50336.48333333333,41188.261249999996,9148.222083333334,4.5763992412873105,2023
SBCT,2021-12,1944,48568.15,40005.74916666666,8562.40083333334,4.404527177640607,2023
SBCT,2022-01,1435,34886.816666666666,29551.92416666666,5334.892500000005,3.7176951219512233,2023
SBCT,2022-02,1353,34204.55,27960.356249999997,6244.193750000006,4.615072985957137,2023
SBCT,2022-03,1992,50787.45,41312.268749999996,9475.181250000001,4.756617093373495,2023
SBCT,2022-04,1851,48189.9,38330.087499999994,9859.812500000007,5.326749054565104,2023
SBCT,2022-05,2445,63269.78333333333,50652.42958333333,12617.353750000002,5.160471881390594,2023
SBCT,2022-06,2057,52744.51666666667,42609.02125,10135.495416666672,4.927319113595854,2023
SBCT,2022-07,2403,62140.833333333336,49885.0275,12255.80583333334,5.1002105007629375,2023
SBCT,2022-08,2424,62152.833333333336,50092.12166666666,12060.711666666677,4.975541116611666,2023
SBCT,2022-09,2344,60296.21666666667,48359.75416666666,11936.462500000009,5.092347482935157,2023
SBCT,2022-10,2452,61646.95,50711.21666666666,10935.733333333337,4.459923871669387,2023
SBCT,2022-11,2127,53781.316666666666,43802.587083333325,9978.729583333341,4.691457255916005,2023
SBCT,2022-12,2290,57104.78333333333,47239.33666666666,9865.44666666667,4.3080553129548775,2023
SBCT,2023-01,2182,53076.25,45001.69041666666,8074.559583333343,3.700531431408498,2023
SBCT,2023-02,1955,47859.73333333333,40486.844999999994,7372.888333333336,3.7712983802216553,2023
SBCT,2023-03,2265,54767.26666666667,46728.90291666666,8038.363750000011,3.548946467991175,2023
SBCT,2023-04,2220,53961,45693.31999999999,8267.680000000008,3.7241801801801837,2023
SBCT,2023-05,2543,62860.86666666667,52378.30749999999,10482.55916666668,4.122123148512261,2023
SBCT,2023-06,2308,57197.86666666667,47652.220833333326,9545.645833333343,4.135895075101102,2023
SBCT,2023-07,2554,63542.666666666664,52695.59916666666,10847.067500000005,4.247089859044638,2023
SBCT,2023-08,2535,62867.25,52310.04624999999,10557.203750000008,4.164577416173573,2023
SBCT,2023-09,2370,58198.26666666667,48937.61666666666,9260.650000000009,3.90744725738397,2023
SBCT,2023-10,2420,60291.21666666667,49989.74708333333,10301.469583333339,4.256805612947661,2023
SBCT,2023-11,2330,55319.98333333333,48044.42083333333,7275.5625,3.1225590128755365,2023
SBCT,2023-12,2457,57689.4,50628.79374999999,7060.606250000012,2.873669617419622,2023
SBCT,2024-01,2168,51739.316666666666,44678.09291666666,7061.223750000005,3.257022024907751,2023
SBCT,2024-02,2092,49673.96666666667,43056.509583333325,6617.457083333342,3.1632204031230122,2023
SBCT,2024-03,2501,58942.35,51551.422916666656,7390.927083333343,2.955188757830205,2023
SBCT,2024-04,2274,54209.083333333336,46887.78666666666,7321.296666666676,3.2195675754910624,2023
SBCT,2024-05,2316,55713.71666666667,48009.96791666666,7703.748750000006,3.3263163860103653,2023
SBCT,2024-06,2156,51724.01666666667,44673.34708333333,7050.669583333343,3.2702549087816992,2023
SBCT,2024-07,2219,53276.86666666667,45781.94833333333,7494.918333333342,3.3776107856391806,2023
SBCT,2024-08,2025,48569.1,41832.862916666665,6736.237083333333,3.32653683127572,2023
SBCT,2024-09,2263,54903.183333333334,46758.11583333333,8145.067500000005,3.5992344233318625,2023
SBCT,2024-10,2246,54325.85,46328.95791666666,7996.8920833333395,3.5605040442267764,2023
SBCT,2024-11,2123,51357.75,43709.45208333332,7648.297916666677,3.6025896922593863,2023
SBCT,2024-12,1573,38476.76666666667,32406.559166666662,6070.207500000008,3.859000317863959,2023
