REG,DATE,FLTS,YEAR
EUR,2019-01-01,20268,2019
EUR,2019-01-02,26259,2019
EUR,2019-01-03,26649,2019
EUR,2019-01-04,27162,2019
EUR,2019-01-05,23270,2019
EUR,2019-01-06,25876,2019
EUR,2019-01-07,26771,2019
EUR,2019-01-08,24643,2019
EUR,2019-01-09,25607,2019
EUR,2019-01-10,25881,2019
EUR,2019-01-11,26726,2019
EUR,2019-01-12,21546,2019
EUR,2019-01-13,24247,2019
EUR,2019-01-14,26331,2019
EUR,2019-01-15,24143,2019
EUR,2019-01-16,25540,2019
EUR,2019-01-17,26277,2019
EUR,2019-01-18,28037,2019
EUR,2019-01-19,21468,2019
EUR,2019-01-20,24590,2019
EUR,2019-01-21,26847,2019
EUR,2019-01-22,24683,2019
EUR,2019-01-23,25195,2019
EUR,2019-01-24,26318,2019
EUR,2019-01-25,27564,2019
EUR,2019-01-26,21253,2019
EUR,2019-01-27,24364,2019
EUR,2019-01-28,26335,2019
EUR,2019-01-29,24776,2019
EUR,2019-01-30,25307,2019
EUR,2019-01-31,26447,2019
EUR,2019-02-01,27382,2019
EUR,2019-02-02,21697,2019
EUR,2019-02-03,24055,2019
EUR,2019-02-04,26518,2019
EUR,2019-02-05,25080,2019
EUR,2019-02-06,25995,2019
EUR,2019-02-07,27034,2019
EUR,2019-02-08,28196,2019
EUR,2019-02-09,22119,2019
EUR,2019-02-10,24678,2019
EUR,2019-02-11,26921,2019
EUR,2019-02-12,25586,2019
EUR,2019-02-13,25682,2019
EUR,2019-02-14,27575,2019
EUR,2019-02-15,29198,2019
EUR,2019-02-16,23459,2019
EUR,2019-02-17,25742,2019
EUR,2019-02-18,27233,2019
EUR,2019-02-19,25886,2019
EUR,2019-02-20,26312,2019
EUR,2019-02-21,27733,2019
EUR,2019-02-22,28732,2019
EUR,2019-02-23,23538,2019
EUR,2019-02-24,26259,2019
EUR,2019-02-25,27791,2019
EUR,2019-02-26,26329,2019
EUR,2019-02-27,27028,2019
EUR,2019-02-28,28075,2019
EUR,2019-03-01,28886,2019
EUR,2019-03-02,23449,2019
EUR,2019-03-03,25714,2019
EUR,2019-03-04,27380,2019
EUR,2019-03-05,26509,2019
EUR,2019-03-06,27319,2019
EUR,2019-03-07,28081,2019
EUR,2019-03-08,29181,2019
EUR,2019-03-09,23149,2019
EUR,2019-03-10,25696,2019
EUR,2019-03-11,28193,2019
EUR,2019-03-12,26772,2019
EUR,2019-03-13,26907,2019
EUR,2019-03-14,28131,2019
EUR,2019-03-15,29504,2019
EUR,2019-03-16,23303,2019
EUR,2019-03-17,25948,2019
EUR,2019-03-18,28415,2019
EUR,2019-03-19,26761,2019
EUR,2019-03-20,27855,2019
EUR,2019-03-21,28685,2019
EUR,2019-03-22,29918,2019
EUR,2019-03-23,23296,2019
EUR,2019-03-24,26268,2019
EUR,2019-03-25,28061,2019
EUR,2019-03-26,27177,2019
EUR,2019-03-27,27845,2019
EUR,2019-03-28,28733,2019
EUR,2019-03-29,29845,2019
EUR,2019-03-30,23527,2019
EUR,2019-03-31,27470,2019
EUR,2019-04-01,30609,2019
EUR,2019-04-02,29811,2019
EUR,2019-04-03,30444,2019
EUR,2019-04-04,30924,2019
EUR,2019-04-05,31668,2019
EUR,2019-04-06,25790,2019
EUR,2019-04-07,28082,2019
EUR,2019-04-08,30357,2019
EUR,2019-04-09,29891,2019
EUR,2019-04-10,30889,2019
EUR,2019-04-11,31608,2019
EUR,2019-04-12,32654,2019
EUR,2019-04-13,27264,2019
EUR,2019-04-14,28818,2019
EUR,2019-04-15,30540,2019
EUR,2019-04-16,29946,2019
EUR,2019-04-17,30941,2019
EUR,2019-04-18,31693,2019
EUR,2019-04-19,29546,2019
EUR,2019-04-20,26612,2019
EUR,2019-04-21,27663,2019
EUR,2019-04-22,29486,2019
EUR,2019-04-23,30769,2019
EUR,2019-04-24,30968,2019
EUR,2019-04-25,31741,2019
EUR,2019-04-26,31742,2019
EUR,2019-04-27,27545,2019
EUR,2019-04-28,29350,2019
EUR,2019-04-29,30990,2019
EUR,2019-04-30,30564,2019
EUR,2019-05-01,29187,2019
EUR,2019-05-02,31555,2019
EUR,2019-05-03,32711,2019
EUR,2019-05-04,28102,2019
EUR,2019-05-05,30324,2019
EUR,2019-05-06,31895,2019
EUR,2019-05-07,31848,2019
EUR,2019-05-08,31396,2019
EUR,2019-05-09,30832,2019
EUR,2019-05-10,33617,2019
EUR,2019-05-11,28248,2019
EUR,2019-05-12,30477,2019
EUR,2019-05-13,32411,2019
EUR,2019-05-14,31355,2019
EUR,2019-05-15,31884,2019
EUR,2019-05-16,32573,2019
EUR,2019-05-17,32669,2019
EUR,2019-05-18,28298,2019
EUR,2019-05-19,30266,2019
EUR,2019-05-20,32453,2019
EUR,2019-05-21,31008,2019
EUR,2019-05-22,32561,2019
EUR,2019-05-23,33540,2019
EUR,2019-05-24,34447,2019
EUR,2019-05-25,29293,2019
EUR,2019-05-26,31120,2019
EUR,2019-05-27,33137,2019
EUR,2019-05-28,32535,2019
EUR,2019-05-29,33836,2019
EUR,2019-05-30,31850,2019
EUR,2019-05-31,32782,2019
EUR,2019-06-01,30411,2019
EUR,2019-06-02,33678,2019
EUR,2019-06-03,34346,2019
EUR,2019-06-04,33841,2019
EUR,2019-06-05,34494,2019
EUR,2019-06-06,34638,2019
EUR,2019-06-07,35856,2019
EUR,2019-06-08,31211,2019
EUR,2019-06-09,32102,2019
EUR,2019-06-10,33994,2019
EUR,2019-06-11,34600,2019
EUR,2019-06-12,34967,2019
EUR,2019-06-13,36045,2019
EUR,2019-06-14,36508,2019
EUR,2019-06-15,31553,2019
EUR,2019-06-16,33570,2019
EUR,2019-06-17,35597,2019
EUR,2019-06-18,34899,2019
EUR,2019-06-19,35344,2019
EUR,2019-06-20,35507,2019
EUR,2019-06-21,35810,2019
EUR,2019-06-22,31496,2019
EUR,2019-06-23,33768,2019
EUR,2019-06-24,35540,2019
EUR,2019-06-25,34984,2019
EUR,2019-06-26,35473,2019
EUR,2019-06-27,36488,2019
EUR,2019-06-28,36913,2019
EUR,2019-06-29,32379,2019
EUR,2019-06-30,34197,2019
EUR,2019-07-01,35825,2019
EUR,2019-07-02,35183,2019
EUR,2019-07-03,35663,2019
EUR,2019-07-04,36479,2019
EUR,2019-07-05,36775,2019
EUR,2019-07-06,32342,2019
EUR,2019-07-07,33785,2019
EUR,2019-07-08,35707,2019
EUR,2019-07-09,35072,2019
EUR,2019-07-10,35509,2019
EUR,2019-07-11,36313,2019
EUR,2019-07-12,36302,2019
EUR,2019-07-13,32534,2019
EUR,2019-07-14,33949,2019
EUR,2019-07-15,35803,2019
EUR,2019-07-16,35032,2019
EUR,2019-07-17,35322,2019
EUR,2019-07-18,36063,2019
EUR,2019-07-19,36492,2019
EUR,2019-07-20,32597,2019
EUR,2019-07-21,33726,2019
EUR,2019-07-22,35384,2019
EUR,2019-07-23,34888,2019
EUR,2019-07-24,34906,2019
EUR,2019-07-25,35402,2019
EUR,2019-07-26,35894,2019
EUR,2019-07-27,32212,2019
EUR,2019-07-28,33719,2019
EUR,2019-07-29,35365,2019
EUR,2019-07-30,34505,2019
EUR,2019-07-31,35163,2019
EUR,2019-08-01,35483,2019
EUR,2019-08-02,35666,2019
EUR,2019-08-03,32544,2019
EUR,2019-08-04,33683,2019
EUR,2019-08-05,34600,2019
EUR,2019-08-06,33942,2019
EUR,2019-08-07,33948,2019
EUR,2019-08-08,34994,2019
EUR,2019-08-09,35556,2019
EUR,2019-08-10,32451,2019
EUR,2019-08-11,33554,2019
EUR,2019-08-12,34590,2019
EUR,2019-08-13,34149,2019
EUR,2019-08-14,34708,2019
EUR,2019-08-15,34530,2019
EUR,2019-08-16,35429,2019
EUR,2019-08-17,32403,2019
EUR,2019-08-18,34038,2019
EUR,2019-08-19,35192,2019
EUR,2019-08-20,34642,2019
EUR,2019-08-21,35162,2019
EUR,2019-08-22,35997,2019
EUR,2019-08-23,36291,2019
EUR,2019-08-24,32370,2019
EUR,2019-08-25,33961,2019
EUR,2019-08-26,35534,2019
EUR,2019-08-27,35093,2019
EUR,2019-08-28,35593,2019
EUR,2019-08-29,36423,2019
EUR,2019-08-30,36705,2019
EUR,2019-08-31,32534,2019
EUR,2019-09-01,33778,2019
EUR,2019-09-02,35321,2019
EUR,2019-09-03,35075,2019
EUR,2019-09-04,35497,2019
EUR,2019-09-05,36110,2019
EUR,2019-09-06,35842,2019
EUR,2019-09-07,31429,2019
EUR,2019-09-08,33696,2019
EUR,2019-09-09,34606,2019
EUR,2019-09-10,33903,2019
EUR,2019-09-11,35029,2019
EUR,2019-09-12,36076,2019
EUR,2019-09-13,36331,2019
EUR,2019-09-14,31255,2019
EUR,2019-09-15,33368,2019
EUR,2019-09-16,34989,2019
EUR,2019-09-17,34385,2019
EUR,2019-09-18,34768,2019
EUR,2019-09-19,35640,2019
EUR,2019-09-20,36056,2019
EUR,2019-09-21,30728,2019
EUR,2019-09-22,32771,2019
EUR,2019-09-23,34635,2019
EUR,2019-09-24,33798,2019
EUR,2019-09-25,34764,2019
EUR,2019-09-26,35254,2019
EUR,2019-09-27,35269,2019
EUR,2019-09-28,30503,2019
EUR,2019-09-29,32428,2019
EUR,2019-09-30,33972,2019
EUR,2019-10-01,32684,2019
EUR,2019-10-02,33474,2019
EUR,2019-10-03,33674,2019
EUR,2019-10-04,34097,2019
EUR,2019-10-05,29083,2019
EUR,2019-10-06,31464,2019
EUR,2019-10-07,32982,2019
EUR,2019-10-08,31604,2019
EUR,2019-10-09,31808,2019
EUR,2019-10-10,33326,2019
EUR,2019-10-11,33974,2019
EUR,2019-10-12,28580,2019
EUR,2019-10-13,30765,2019
EUR,2019-10-14,32473,2019
EUR,2019-10-15,31471,2019
EUR,2019-10-16,32047,2019
EUR,2019-10-17,33154,2019
EUR,2019-10-18,33545,2019
EUR,2019-10-19,28371,2019
EUR,2019-10-20,30176,2019
EUR,2019-10-21,32429,2019
EUR,2019-10-22,31189,2019
EUR,2019-10-23,32012,2019
EUR,2019-10-24,32921,2019
EUR,2019-10-25,32776,2019
EUR,2019-10-26,28149,2019
EUR,2019-10-27,28146,2019
EUR,2019-10-28,29743,2019
EUR,2019-10-29,28371,2019
EUR,2019-10-30,28954,2019
EUR,2019-10-31,29603,2019
EUR,2019-11-01,28515,2019
EUR,2019-11-02,23803,2019
EUR,2019-11-03,27379,2019
EUR,2019-11-04,29129,2019
EUR,2019-11-05,27359,2019
EUR,2019-11-06,27378,2019
EUR,2019-11-07,27730,2019
EUR,2019-11-08,28931,2019
EUR,2019-11-09,22178,2019
EUR,2019-11-10,25791,2019
EUR,2019-11-11,27815,2019
EUR,2019-11-12,26119,2019
EUR,2019-11-13,26433,2019
EUR,2019-11-14,28019,2019
EUR,2019-11-15,29268,2019
EUR,2019-11-16,22053,2019
EUR,2019-11-17,25531,2019
EUR,2019-11-18,27947,2019
EUR,2019-11-19,25982,2019
EUR,2019-11-20,26517,2019
EUR,2019-11-21,27527,2019
EUR,2019-11-22,29228,2019
EUR,2019-11-23,21783,2019
EUR,2019-11-24,25462,2019
EUR,2019-11-25,27027,2019
EUR,2019-11-26,25707,2019
EUR,2019-11-27,26232,2019
EUR,2019-11-28,27345,2019
EUR,2019-11-29,28679,2019
EUR,2019-11-30,21727,2019
EUR,2019-12-01,25156,2019
EUR,2019-12-02,27779,2019
EUR,2019-12-03,25951,2019
EUR,2019-12-04,26799,2019
EUR,2019-12-05,26475,2019
EUR,2019-12-06,28076,2019
EUR,2019-12-07,21591,2019
EUR,2019-12-08,25303,2019
EUR,2019-12-09,27826,2019
EUR,2019-12-10,25326,2019
EUR,2019-12-11,26866,2019
EUR,2019-12-12,27484,2019
EUR,2019-12-13,28387,2019
EUR,2019-12-14,22306,2019
EUR,2019-12-15,25536,2019
EUR,2019-12-16,28000,2019
EUR,2019-12-17,25992,2019
EUR,2019-12-18,27501,2019
EUR,2019-12-19,28907,2019
EUR,2019-12-20,29940,2019
EUR,2019-12-21,25081,2019
EUR,2019-12-22,26105,2019
EUR,2019-12-23,26575,2019
EUR,2019-12-24,19231,2019
EUR,2019-12-25,14235,2019
EUR,2019-12-26,23700,2019
EUR,2019-12-27,26854,2019
EUR,2019-12-28,23775,2019
EUR,2019-12-29,25213,2019
EUR,2019-12-30,25468,2019
EUR,2019-12-31,19548,2019
EUR,2020-01-01,20166,2020
EUR,2020-01-02,26396,2020
EUR,2020-01-03,27033,2020
EUR,2020-01-04,24015,2020
EUR,2020-01-05,26253,2020
EUR,2020-01-06,26652,2020
EUR,2020-01-07,24719,2020
EUR,2020-01-08,24949,2020
EUR,2020-01-09,25696,2020
EUR,2020-01-10,27581,2020
EUR,2020-01-11,21811,2020
EUR,2020-01-12,24816,2020
EUR,2020-01-13,26185,2020
EUR,2020-01-14,23300,2020
EUR,2020-01-15,24556,2020
EUR,2020-01-16,25944,2020
EUR,2020-01-17,27457,2020
EUR,2020-01-18,21142,2020
EUR,2020-01-19,24605,2020
EUR,2020-01-20,26358,2020
EUR,2020-01-21,24285,2020
EUR,2020-01-22,24583,2020
EUR,2020-01-23,26266,2020
EUR,2020-01-24,27687,2020
EUR,2020-01-25,21039,2020
EUR,2020-01-26,24575,2020
EUR,2020-01-27,26408,2020
EUR,2020-01-28,23879,2020
EUR,2020-01-29,24537,2020
EUR,2020-01-30,26153,2020
EUR,2020-01-31,27821,2020
EUR,2020-02-01,21548,2020
EUR,2020-02-02,24659,2020
EUR,2020-02-03,26527,2020
EUR,2020-02-04,24105,2020
EUR,2020-02-05,24974,2020
EUR,2020-02-06,26541,2020
EUR,2020-02-07,27650,2020
EUR,2020-02-08,22070,2020
EUR,2020-02-09,21776,2020
EUR,2020-02-10,24041,2020
EUR,2020-02-11,24120,2020
EUR,2020-02-12,25513,2020
EUR,2020-02-13,26911,2020
EUR,2020-02-14,28748,2020
EUR,2020-02-15,23024,2020
EUR,2020-02-16,24859,2020
EUR,2020-02-17,26966,2020
EUR,2020-02-18,25546,2020
EUR,2020-02-19,26158,2020
EUR,2020-02-20,27125,2020
EUR,2020-02-21,28861,2020
EUR,2020-02-22,23504,2020
EUR,2020-02-23,25549,2020
EUR,2020-02-24,27612,2020
EUR,2020-02-25,25654,2020
EUR,2020-02-26,25927,2020
EUR,2020-02-27,26761,2020
EUR,2020-02-28,28645,2020
EUR,2020-02-29,22740,2020
EUR,2020-03-01,25550,2020
EUR,2020-03-02,27056,2020
EUR,2020-03-03,25397,2020
EUR,2020-03-04,25898,2020
EUR,2020-03-05,26379,2020
EUR,2020-03-06,27324,2020
EUR,2020-03-07,21737,2020
EUR,2020-03-08,24355,2020
EUR,2020-03-09,25426,2020
EUR,2020-03-10,23115,2020
EUR,2020-03-11,23103,2020
EUR,2020-03-12,23619,2020
EUR,2020-03-13,24423,2020
EUR,2020-03-14,18672,2020
EUR,2020-03-15,19775,2020
EUR,2020-03-16,18892,2020
EUR,2020-03-17,15056,2020
EUR,2020-03-18,13642,2020
EUR,2020-03-19,12540,2020
EUR,2020-03-20,12064,2020
EUR,2020-03-21,7867,2020
EUR,2020-03-22,7437,2020
EUR,2020-03-23,6762,2020
EUR,2020-03-24,6191,2020
EUR,2020-03-25,5759,2020
EUR,2020-03-26,5836,2020
EUR,2020-03-27,5588,2020
EUR,2020-03-28,3528,2020
EUR,2020-03-29,3306,2020
EUR,2020-03-30,4012,2020
EUR,2020-03-31,4177,2020
EUR,2020-04-01,4372,2020
EUR,2020-04-02,4050,2020
EUR,2020-04-03,4058,2020
EUR,2020-04-04,2524,2020
EUR,2020-04-05,2643,2020
EUR,2020-04-06,3610,2020
EUR,2020-04-07,3829,2020
EUR,2020-04-08,4036,2020
EUR,2020-04-09,3844,2020
EUR,2020-04-10,2994,2020
EUR,2020-04-11,2191,2020
EUR,2020-04-12,2060,2020
EUR,2020-04-13,2588,2020
EUR,2020-04-14,3681,2020
EUR,2020-04-15,3997,2020
EUR,2020-04-16,4117,2020
EUR,2020-04-17,3894,2020
EUR,2020-04-18,2264,2020
EUR,2020-04-19,2423,2020
EUR,2020-04-20,3762,2020
EUR,2020-04-21,3994,2020
EUR,2020-04-22,4339,2020
EUR,2020-04-23,4465,2020
EUR,2020-04-24,4226,2020
EUR,2020-04-25,2444,2020
EUR,2020-04-26,2663,2020
EUR,2020-04-27,4073,2020
EUR,2020-04-28,4253,2020
EUR,2020-04-29,4538,2020
EUR,2020-04-30,4464,2020
EUR,2020-05-01,3355,2020
EUR,2020-05-02,2419,2020
EUR,2020-05-03,2852,2020
EUR,2020-05-04,4298,2020
EUR,2020-05-05,4464,2020
EUR,2020-05-06,4765,2020
EUR,2020-05-07,4972,2020
EUR,2020-05-08,4482,2020
EUR,2020-05-09,2852,2020
EUR,2020-05-10,2988,2020
EUR,2020-05-11,4471,2020
EUR,2020-05-12,4962,2020
EUR,2020-05-13,5155,2020
EUR,2020-05-14,5336,2020
EUR,2020-05-15,5326,2020
EUR,2020-05-16,3212,2020
EUR,2020-05-17,3259,2020
EUR,2020-05-18,5033,2020
EUR,2020-05-19,5282,2020
EUR,2020-05-20,5858,2020
EUR,2020-05-21,4814,2020
EUR,2020-05-22,4982,2020
EUR,2020-05-23,3342,2020
EUR,2020-05-24,3659,2020
EUR,2020-05-25,5042,2020
EUR,2020-05-26,5544,2020
EUR,2020-05-27,5995,2020
EUR,2020-05-28,5900,2020
EUR,2020-05-29,5889,2020
EUR,2020-05-30,3568,2020
EUR,2020-05-31,3554,2020
EUR,2020-06-01,5036,2020
EUR,2020-06-02,5978,2020
EUR,2020-06-03,6561,2020
EUR,2020-06-04,6758,2020
EUR,2020-06-05,6699,2020
EUR,2020-06-06,4398,2020
EUR,2020-06-07,4771,2020
EUR,2020-06-08,6518,2020
EUR,2020-06-09,6656,2020
EUR,2020-06-10,7170,2020
EUR,2020-06-11,6879,2020
EUR,2020-06-12,7247,2020
EUR,2020-06-13,4629,2020
EUR,2020-06-14,5181,2020
EUR,2020-06-15,7873,2020
EUR,2020-06-16,7753,2020
EUR,2020-06-17,8168,2020
EUR,2020-06-18,8360,2020
EUR,2020-06-19,8585,2020
EUR,2020-06-20,5949,2020
EUR,2020-06-21,6908,2020
EUR,2020-06-22,8836,2020
EUR,2020-06-23,8717,2020
EUR,2020-06-24,9158,2020
EUR,2020-06-25,9517,2020
EUR,2020-06-26,9803,2020
EUR,2020-06-27,6682,2020
EUR,2020-06-28,7508,2020
EUR,2020-06-29,9144,2020
EUR,2020-06-30,9233,2020
EUR,2020-07-01,12688,2020
EUR,2020-07-02,12651,2020
EUR,2020-07-03,13909,2020
EUR,2020-07-04,11030,2020
EUR,2020-07-05,11811,2020
EUR,2020-07-06,12924,2020
EUR,2020-07-07,12287,2020
EUR,2020-07-08,13085,2020
EUR,2020-07-09,13122,2020
EUR,2020-07-10,14538,2020
EUR,2020-07-11,11858,2020
EUR,2020-07-12,12324,2020
EUR,2020-07-13,13311,2020
EUR,2020-07-14,12743,2020
EUR,2020-07-15,14115,2020
EUR,2020-07-16,14623,2020
EUR,2020-07-17,15755,2020
EUR,2020-07-18,13232,2020
EUR,2020-07-19,13725,2020
EUR,2020-07-20,14766,2020
EUR,2020-07-21,13890,2020
EUR,2020-07-22,14427,2020
EUR,2020-07-23,15130,2020
EUR,2020-07-24,16194,2020
EUR,2020-07-25,14126,2020
EUR,2020-07-26,14245,2020
EUR,2020-07-27,14980,2020
EUR,2020-07-28,14027,2020
EUR,2020-07-29,14839,2020
EUR,2020-07-30,15304,2020
EUR,2020-07-31,16499,2020
EUR,2020-08-01,16106,2020
EUR,2020-08-02,16259,2020
EUR,2020-08-03,16813,2020
EUR,2020-08-04,15602,2020
EUR,2020-08-05,16302,2020
EUR,2020-08-06,16670,2020
EUR,2020-08-07,18079,2020
EUR,2020-08-08,16220,2020
EUR,2020-08-09,16521,2020
EUR,2020-08-10,17070,2020
EUR,2020-08-11,15590,2020
EUR,2020-08-12,16128,2020
EUR,2020-08-13,16470,2020
EUR,2020-08-14,18174,2020
EUR,2020-08-15,16382,2020
EUR,2020-08-16,17095,2020
EUR,2020-08-17,17278,2020
EUR,2020-08-18,15798,2020
EUR,2020-08-19,16652,2020
EUR,2020-08-20,17167,2020
EUR,2020-08-21,18285,2020
EUR,2020-08-22,16241,2020
EUR,2020-08-23,17225,2020
EUR,2020-08-24,17552,2020
EUR,2020-08-25,16116,2020
EUR,2020-08-26,16724,2020
EUR,2020-08-27,17628,2020
EUR,2020-08-28,18721,2020
EUR,2020-08-29,16215,2020
EUR,2020-08-30,17395,2020
EUR,2020-08-31,17938,2020
EUR,2020-09-01,15872,2020
EUR,2020-09-02,16221,2020
EUR,2020-09-03,16983,2020
EUR,2020-09-04,18225,2020
EUR,2020-09-05,15175,2020
EUR,2020-09-06,16321,2020
EUR,2020-09-07,16762,2020
EUR,2020-09-08,15293,2020
EUR,2020-09-09,15988,2020
EUR,2020-09-10,16628,2020
EUR,2020-09-11,18008,2020
EUR,2020-09-12,14556,2020
EUR,2020-09-13,16126,2020
EUR,2020-09-14,16269,2020
EUR,2020-09-15,14865,2020
EUR,2020-09-16,15409,2020
EUR,2020-09-17,16019,2020
EUR,2020-09-18,17474,2020
EUR,2020-09-19,13850,2020
EUR,2020-09-20,15457,2020
EUR,2020-09-21,15782,2020
EUR,2020-09-22,14437,2020
EUR,2020-09-23,15010,2020
EUR,2020-09-24,15645,2020
EUR,2020-09-25,17073,2020
EUR,2020-09-26,13491,2020
EUR,2020-09-27,15002,2020
EUR,2020-09-28,15378,2020
EUR,2020-09-29,14149,2020
EUR,2020-09-30,15177,2020
EUR,2020-10-01,15104,2020
EUR,2020-10-02,16165,2020
EUR,2020-10-03,12726,2020
EUR,2020-10-04,13984,2020
EUR,2020-10-05,14659,2020
EUR,2020-10-06,12950,2020
EUR,2020-10-07,13796,2020
EUR,2020-10-08,14481,2020
EUR,2020-10-09,16355,2020
EUR,2020-10-10,12601,2020
EUR,2020-10-11,13908,2020
EUR,2020-10-12,14307,2020
EUR,2020-10-13,12680,2020
EUR,2020-10-14,13463,2020
EUR,2020-10-15,13654,2020
EUR,2020-10-16,16320,2020
EUR,2020-10-17,12830,2020
EUR,2020-10-18,13840,2020
EUR,2020-10-19,13936,2020
EUR,2020-10-20,12136,2020
EUR,2020-10-21,12791,2020
EUR,2020-10-22,13703,2020
EUR,2020-10-23,15428,2020
EUR,2020-10-24,12395,2020
EUR,2020-10-25,13259,2020
EUR,2020-10-26,13479,2020
EUR,2020-10-27,11838,2020
EUR,2020-10-28,12609,2020
EUR,2020-10-29,13412,2020
EUR,2020-10-30,14822,2020
EUR,2020-10-31,11463,2020
EUR,2020-11-01,12851,2020
EUR,2020-11-02,12610,2020
EUR,2020-11-03,10909,2020
EUR,2020-11-04,11606,2020
EUR,2020-11-05,11730,2020
EUR,2020-11-06,13234,2020
EUR,2020-11-07,9352,2020
EUR,2020-11-08,10869,2020
EUR,2020-11-09,11116,2020
EUR,2020-11-10,9702,2020
EUR,2020-11-11,9969,2020
EUR,2020-11-12,10768,2020
EUR,2020-11-13,11926,2020
EUR,2020-11-14,8003,2020
EUR,2020-11-15,9564,2020
EUR,2020-11-16,10495,2020
EUR,2020-11-17,9223,2020
EUR,2020-11-18,10124,2020
EUR,2020-11-19,10007,2020
EUR,2020-11-20,11180,2020
EUR,2020-11-21,7444,2020
EUR,2020-11-22,8733,2020
EUR,2020-11-23,9854,2020
EUR,2020-11-24,8790,2020
EUR,2020-11-25,9649,2020
EUR,2020-11-26,9629,2020
EUR,2020-11-27,10805,2020
EUR,2020-11-28,7124,2020
EUR,2020-11-29,8570,2020
EUR,2020-11-30,9822,2020
EUR,2020-12-01,8682,2020
EUR,2020-12-02,9660,2020
EUR,2020-12-03,9875,2020
EUR,2020-12-04,11305,2020
EUR,2020-12-05,7581,2020
EUR,2020-12-06,8556,2020
EUR,2020-12-07,9747,2020
EUR,2020-12-08,9103,2020
EUR,2020-12-09,9853,2020
EUR,2020-12-10,10430,2020
EUR,2020-12-11,11734,2020
EUR,2020-12-12,8024,2020
EUR,2020-12-13,9271,2020
EUR,2020-12-14,10841,2020
EUR,2020-12-15,10232,2020
EUR,2020-12-16,11214,2020
EUR,2020-12-17,12819,2020
EUR,2020-12-18,14934,2020
EUR,2020-12-19,11980,2020
EUR,2020-12-20,12223,2020
EUR,2020-12-21,12374,2020
EUR,2020-12-22,11520,2020
EUR,2020-12-23,12729,2020
EUR,2020-12-24,8665,2020
EUR,2020-12-25,5787,2020
EUR,2020-12-26,8518,2020
EUR,2020-12-27,10631,2020
EUR,2020-12-28,10470,2020
EUR,2020-12-29,9462,2020
EUR,2020-12-30,10736,2020
EUR,2020-12-31,7070,2020
EUR,2021-01-01,6283,2021
EUR,2021-01-02,9571,2021
EUR,2021-01-03,12002,2021
EUR,2021-01-04,11400,2021
EUR,2021-01-05,9690,2021
EUR,2021-01-06,9744,2021
EUR,2021-01-07,10000,2021
EUR,2021-01-08,11314,2021
EUR,2021-01-09,8479,2021
EUR,2021-01-10,10124,2021
EUR,2021-01-11,9693,2021
EUR,2021-01-12,8389,2021
EUR,2021-01-13,9032,2021
EUR,2021-01-14,9474,2021
EUR,2021-01-15,10518,2021
EUR,2021-01-16,7204,2021
EUR,2021-01-17,8244,2021
EUR,2021-01-18,9399,2021
EUR,2021-01-19,8233,2021
EUR,2021-01-20,9030,2021
EUR,2021-01-21,9038,2021
EUR,2021-01-22,10172,2021
EUR,2021-01-23,6815,2021
EUR,2021-01-24,7904,2021
EUR,2021-01-25,9163,2021
EUR,2021-01-26,8281,2021
EUR,2021-01-27,8589,2021
EUR,2021-01-28,9334,2021
EUR,2021-01-29,10010,2021
EUR,2021-01-30,6860,2021
EUR,2021-01-31,8132,2021
EUR,2021-02-01,9022,2021
EUR,2021-02-02,8227,2021
EUR,2021-02-03,8859,2021
EUR,2021-02-04,9530,2021
EUR,2021-02-05,10434,2021
EUR,2021-02-06,6953,2021
EUR,2021-02-07,7332,2021
EUR,2021-02-08,8323,2021
EUR,2021-02-09,7683,2021
EUR,2021-02-10,8859,2021
EUR,2021-02-11,9469,2021
EUR,2021-02-12,10473,2021
EUR,2021-02-13,7580,2021
EUR,2021-02-14,8075,2021
EUR,2021-02-15,9023,2021
EUR,2021-02-16,7937,2021
EUR,2021-02-17,8952,2021
EUR,2021-02-18,9526,2021
EUR,2021-02-19,10442,2021
EUR,2021-02-20,7553,2021
EUR,2021-02-21,8427,2021
EUR,2021-02-22,9311,2021
EUR,2021-02-23,8402,2021
EUR,2021-02-24,9426,2021
EUR,2021-02-25,9975,2021
EUR,2021-02-26,10829,2021
EUR,2021-02-27,7650,2021
EUR,2021-02-28,8663,2021
EUR,2021-03-01,9736,2021
EUR,2021-03-02,8792,2021
EUR,2021-03-03,9604,2021
EUR,2021-03-04,10162,2021
EUR,2021-03-05,10941,2021
EUR,2021-03-06,7629,2021
EUR,2021-03-07,8569,2021
EUR,2021-03-08,9796,2021
EUR,2021-03-09,8828,2021
EUR,2021-03-10,9684,2021
EUR,2021-03-11,9622,2021
EUR,2021-03-12,10872,2021
EUR,2021-03-13,7271,2021
EUR,2021-03-14,8522,2021
EUR,2021-03-15,9630,2021
EUR,2021-03-16,9029,2021
EUR,2021-03-17,9879,2021
EUR,2021-03-18,10421,2021
EUR,2021-03-19,11359,2021
EUR,2021-03-20,7991,2021
EUR,2021-03-21,8883,2021
EUR,2021-03-22,10182,2021
EUR,2021-03-23,9230,2021
EUR,2021-03-24,10390,2021
EUR,2021-03-25,11255,2021
EUR,2021-03-26,12550,2021
EUR,2021-03-27,8861,2021
EUR,2021-03-28,10200,2021
EUR,2021-03-29,11175,2021
EUR,2021-03-30,10389,2021
EUR,2021-03-31,11783,2021
EUR,2021-04-01,12078,2021
EUR,2021-04-02,11521,2021
EUR,2021-04-03,8983,2021
EUR,2021-04-04,9357,2021
EUR,2021-04-05,9934,2021
EUR,2021-04-06,9764,2021
EUR,2021-04-07,10799,2021
EUR,2021-04-08,11489,2021
EUR,2021-04-09,12736,2021
EUR,2021-04-10,9476,2021
EUR,2021-04-11,10876,2021
EUR,2021-04-12,11109,2021
EUR,2021-04-13,9945,2021
EUR,2021-04-14,10795,2021
EUR,2021-04-15,11370,2021
EUR,2021-04-16,12511,2021
EUR,2021-04-17,8910,2021
EUR,2021-04-18,10310,2021
EUR,2021-04-19,11124,2021
EUR,2021-04-20,10121,2021
EUR,2021-04-21,10736,2021
EUR,2021-04-22,11272,2021
EUR,2021-04-23,12448,2021
EUR,2021-04-24,9085,2021
EUR,2021-04-25,9999,2021
EUR,2021-04-26,11058,2021
EUR,2021-04-27,10018,2021
EUR,2021-04-28,11143,2021
EUR,2021-04-29,11982,2021
EUR,2021-04-30,12557,2021
EUR,2021-05-01,9384,2021
EUR,2021-05-02,9913,2021
EUR,2021-05-03,11326,2021
EUR,2021-05-04,10105,2021
EUR,2021-05-05,11058,2021
EUR,2021-05-06,11614,2021
EUR,2021-05-07,13195,2021
EUR,2021-05-08,10007,2021
EUR,2021-05-09,10748,2021
EUR,2021-05-10,11776,2021
EUR,2021-05-11,10784,2021
EUR,2021-05-12,12421,2021
EUR,2021-05-13,11243,2021
EUR,2021-05-14,12073,2021
EUR,2021-05-15,9731,2021
EUR,2021-05-16,12133,2021
EUR,2021-05-17,12709,2021
EUR,2021-05-18,11834,2021
EUR,2021-05-19,12464,2021
EUR,2021-05-20,13895,2021
EUR,2021-05-21,15382,2021
EUR,2021-05-22,11184,2021
EUR,2021-05-23,12107,2021
EUR,2021-05-24,13568,2021
EUR,2021-05-25,12257,2021
EUR,2021-05-26,13064,2021
EUR,2021-05-27,14025,2021
EUR,2021-05-28,16301,2021
EUR,2021-05-29,12395,2021
EUR,2021-05-30,13516,2021
EUR,2021-05-31,13899,2021
EUR,2021-06-01,14448,2021
EUR,2021-06-02,15412,2021
EUR,2021-06-03,15756,2021
EUR,2021-06-04,17167,2021
EUR,2021-06-05,14249,2021
EUR,2021-06-06,16202,2021
EUR,2021-06-07,16095,2021
EUR,2021-06-08,14483,2021
EUR,2021-06-09,15399,2021
EUR,2021-06-10,16574,2021
EUR,2021-06-11,18114,2021
EUR,2021-06-12,14547,2021
EUR,2021-06-13,16310,2021
EUR,2021-06-14,17000,2021
EUR,2021-06-15,15650,2021
EUR,2021-06-16,17127,2021
EUR,2021-06-17,17988,2021
EUR,2021-06-18,19638,2021
EUR,2021-06-19,16318,2021
EUR,2021-06-20,17826,2021
EUR,2021-06-21,18262,2021
EUR,2021-06-22,16963,2021
EUR,2021-06-23,17874,2021
EUR,2021-06-24,19128,2021
EUR,2021-06-25,20887,2021
EUR,2021-06-26,17739,2021
EUR,2021-06-27,19226,2021
EUR,2021-06-28,19790,2021
EUR,2021-06-29,18000,2021
EUR,2021-06-30,19461,2021
EUR,2021-07-01,21983,2021
EUR,2021-07-02,23565,2021
EUR,2021-07-03,21056,2021
EUR,2021-07-04,21638,2021
EUR,2021-07-05,21930,2021
EUR,2021-07-06,20120,2021
EUR,2021-07-07,21360,2021
EUR,2021-07-08,22187,2021
EUR,2021-07-09,24215,2021
EUR,2021-07-10,21739,2021
EUR,2021-07-11,22327,2021
EUR,2021-07-12,22610,2021
EUR,2021-07-13,20595,2021
EUR,2021-07-14,21388,2021
EUR,2021-07-15,22679,2021
EUR,2021-07-16,24979,2021
EUR,2021-07-17,22746,2021
EUR,2021-07-18,23027,2021
EUR,2021-07-19,23629,2021
EUR,2021-07-20,22252,2021
EUR,2021-07-21,22664,2021
EUR,2021-07-22,23562,2021
EUR,2021-07-23,25607,2021
EUR,2021-07-24,23386,2021
EUR,2021-07-25,23972,2021
EUR,2021-07-26,22364,2021
EUR,2021-07-27,22159,2021
EUR,2021-07-28,22888,2021
EUR,2021-07-29,23856,2021
EUR,2021-07-30,25735,2021
EUR,2021-07-31,24042,2021
EUR,2021-08-01,24833,2021
EUR,2021-08-02,24553,2021
EUR,2021-08-03,22839,2021
EUR,2021-08-04,23343,2021
EUR,2021-08-05,24005,2021
EUR,2021-08-06,25589,2021
EUR,2021-08-07,23738,2021
EUR,2021-08-08,24586,2021
EUR,2021-08-09,24195,2021
EUR,2021-08-10,22800,2021
EUR,2021-08-11,23314,2021
EUR,2021-08-12,24185,2021
EUR,2021-08-13,25741,2021
EUR,2021-08-14,24094,2021
EUR,2021-08-15,24825,2021
EUR,2021-08-16,24381,2021
EUR,2021-08-17,23003,2021
EUR,2021-08-18,23845,2021
EUR,2021-08-19,24388,2021
EUR,2021-08-20,26155,2021
EUR,2021-08-21,24084,2021
EUR,2021-08-22,25144,2021
EUR,2021-08-23,24923,2021
EUR,2021-08-24,23498,2021
EUR,2021-08-25,24384,2021
EUR,2021-08-26,25033,2021
EUR,2021-08-27,26586,2021
EUR,2021-08-28,24208,2021
EUR,2021-08-29,25368,2021
EUR,2021-08-30,25582,2021
EUR,2021-08-31,24110,2021
EUR,2021-09-01,24375,2021
EUR,2021-09-02,25040,2021
EUR,2021-09-03,26500,2021
EUR,2021-09-04,23549,2021
EUR,2021-09-05,24957,2021
EUR,2021-09-06,24714,2021
EUR,2021-09-07,22646,2021
EUR,2021-09-08,23897,2021
EUR,2021-09-09,24889,2021
EUR,2021-09-10,26372,2021
EUR,2021-09-11,23021,2021
EUR,2021-09-12,24823,2021
EUR,2021-09-13,24592,2021
EUR,2021-09-14,22602,2021
EUR,2021-09-15,23437,2021
EUR,2021-09-16,24269,2021
EUR,2021-09-17,26415,2021
EUR,2021-09-18,22533,2021
EUR,2021-09-19,24364,2021
EUR,2021-09-20,24387,2021
EUR,2021-09-21,22468,2021
EUR,2021-09-22,23101,2021
EUR,2021-09-23,24472,2021
EUR,2021-09-24,25618,2021
EUR,2021-09-25,22117,2021
EUR,2021-09-26,24051,2021
EUR,2021-09-27,24243,2021
EUR,2021-09-28,22122,2021
EUR,2021-09-29,22974,2021
EUR,2021-09-30,24314,2021
EUR,2021-10-01,25700,2021
EUR,2021-10-02,21613,2021
EUR,2021-10-03,23478,2021
EUR,2021-10-04,23605,2021
EUR,2021-10-05,21401,2021
EUR,2021-10-06,22444,2021
EUR,2021-10-07,23672,2021
EUR,2021-10-08,25376,2021
EUR,2021-10-09,21385,2021
EUR,2021-10-10,23506,2021
EUR,2021-10-11,23376,2021
EUR,2021-10-12,21565,2021
EUR,2021-10-13,22236,2021
EUR,2021-10-14,23644,2021
EUR,2021-10-15,25484,2021
EUR,2021-10-16,21521,2021
EUR,2021-10-17,23249,2021
EUR,2021-10-18,23577,2021
EUR,2021-10-19,21101,2021
EUR,2021-10-20,22346,2021
EUR,2021-10-21,23229,2021
EUR,2021-10-22,25581,2021
EUR,2021-10-23,21962,2021
EUR,2021-10-24,23335,2021
EUR,2021-10-25,23556,2021
EUR,2021-10-26,21342,2021
EUR,2021-10-27,22236,2021
EUR,2021-10-28,23330,2021
EUR,2021-10-29,25054,2021
EUR,2021-10-30,21385,2021
EUR,2021-10-31,22235,2021
EUR,2021-11-01,21815,2021
EUR,2021-11-02,20047,2021
EUR,2021-11-03,20918,2021
EUR,2021-11-04,21748,2021
EUR,2021-11-05,23621,2021
EUR,2021-11-06,19011,2021
EUR,2021-11-07,21767,2021
EUR,2021-11-08,21798,2021
EUR,2021-11-09,19667,2021
EUR,2021-11-10,20720,2021
EUR,2021-11-11,20923,2021
EUR,2021-11-12,22477,2021
EUR,2021-11-13,17443,2021
EUR,2021-11-14,20860,2021
EUR,2021-11-15,21622,2021
EUR,2021-11-16,19435,2021
EUR,2021-11-17,20033,2021
EUR,2021-11-18,21231,2021
EUR,2021-11-19,22749,2021
EUR,2021-11-20,17505,2021
EUR,2021-11-21,20171,2021
EUR,2021-11-22,21106,2021
EUR,2021-11-23,18939,2021
EUR,2021-11-24,19748,2021
EUR,2021-11-25,20623,2021
EUR,2021-11-26,21903,2021
EUR,2021-11-27,16653,2021
EUR,2021-11-28,19709,2021
EUR,2021-11-29,20631,2021
EUR,2021-11-30,18448,2021
EUR,2021-12-01,18906,2021
EUR,2021-12-02,20025,2021
EUR,2021-12-03,22023,2021
EUR,2021-12-04,17196,2021
EUR,2021-12-05,19371,2021
EUR,2021-12-06,19995,2021
EUR,2021-12-07,18101,2021
EUR,2021-12-08,19491,2021
EUR,2021-12-09,20192,2021
EUR,2021-12-10,21762,2021
EUR,2021-12-11,17043,2021
EUR,2021-12-12,19788,2021
EUR,2021-12-13,20771,2021
EUR,2021-12-14,18752,2021
EUR,2021-12-15,20363,2021
EUR,2021-12-16,21705,2021
EUR,2021-12-17,23835,2021
EUR,2021-12-18,19766,2021
EUR,2021-12-19,21262,2021
EUR,2021-12-20,22347,2021
EUR,2021-12-21,20900,2021
EUR,2021-12-22,22171,2021
EUR,2021-12-23,22485,2021
EUR,2021-12-24,17107,2021
EUR,2021-12-25,11773,2021
EUR,2021-12-26,19892,2021
EUR,2021-12-27,21053,2021
EUR,2021-12-28,19264,2021
EUR,2021-12-29,19862,2021
EUR,2021-12-30,20522,2021
EUR,2021-12-31,16538,2021
EUR,2022-01-01,15191,2022
EUR,2022-01-02,21940,2022
EUR,2022-01-03,21424,2022
EUR,2022-01-04,19158,2022
EUR,2022-01-05,18995,2022
EUR,2022-01-06,19018,2022
EUR,2022-01-07,20774,2022
EUR,2022-01-08,18128,2022
EUR,2022-01-09,20388,2022
EUR,2022-01-10,18159,2022
EUR,2022-01-11,15976,2022
EUR,2022-01-12,16038,2022
EUR,2022-01-13,16588,2022
EUR,2022-01-14,18681,2022
EUR,2022-01-15,14947,2022
EUR,2022-01-16,16948,2022
EUR,2022-01-17,16923,2022
EUR,2022-01-18,15008,2022
EUR,2022-01-19,15724,2022
EUR,2022-01-20,16582,2022
EUR,2022-01-21,18672,2022
EUR,2022-01-22,14675,2022
EUR,2022-01-23,16641,2022
EUR,2022-01-24,15982,2022
EUR,2022-01-25,13586,2022
EUR,2022-01-26,15178,2022
EUR,2022-01-27,16347,2022
EUR,2022-01-28,18619,2022
EUR,2022-01-29,14454,2022
EUR,2022-01-30,16894,2022
EUR,2022-01-31,16452,2022
EUR,2022-02-01,15642,2022
EUR,2022-02-02,16428,2022
EUR,2022-02-03,17683,2022
EUR,2022-02-04,19333,2022
EUR,2022-02-05,16106,2022
EUR,2022-02-06,17842,2022
EUR,2022-02-07,18197,2022
EUR,2022-02-08,16213,2022
EUR,2022-02-09,17234,2022
EUR,2022-02-10,18845,2022
EUR,2022-02-11,21136,2022
EUR,2022-02-12,17994,2022
EUR,2022-02-13,19140,2022
EUR,2022-02-14,18948,2022
EUR,2022-02-15,17155,2022
EUR,2022-02-16,17650,2022
EUR,2022-02-17,18561,2022
EUR,2022-02-18,19952,2022
EUR,2022-02-19,18501,2022
EUR,2022-02-20,19601,2022
EUR,2022-02-21,18927,2022
EUR,2022-02-22,17738,2022
EUR,2022-02-23,18590,2022
EUR,2022-02-24,19552,2022
EUR,2022-02-25,21519,2022
EUR,2022-02-26,18320,2022
EUR,2022-02-27,19920,2022
EUR,2022-02-28,20270,2022
EUR,2022-03-01,18762,2022
EUR,2022-03-02,19432,2022
EUR,2022-03-03,20513,2022
EUR,2022-03-04,22604,2022
EUR,2022-03-05,18671,2022
EUR,2022-03-06,20465,2022
EUR,2022-03-07,20807,2022
EUR,2022-03-08,18765,2022
EUR,2022-03-09,19480,2022
EUR,2022-03-10,20628,2022
EUR,2022-03-11,21745,2022
EUR,2022-03-12,17504,2022
EUR,2022-03-13,20003,2022
EUR,2022-03-14,20797,2022
EUR,2022-03-15,19004,2022
EUR,2022-03-16,19899,2022
EUR,2022-03-17,20886,2022
EUR,2022-03-18,22618,2022
EUR,2022-03-19,18173,2022
EUR,2022-03-20,20736,2022
EUR,2022-03-21,21122,2022
EUR,2022-03-22,18980,2022
EUR,2022-03-23,20178,2022
EUR,2022-03-24,21317,2022
EUR,2022-03-25,22895,2022
EUR,2022-03-26,18701,2022
EUR,2022-03-27,22617,2022
EUR,2022-03-28,23911,2022
EUR,2022-03-29,22572,2022
EUR,2022-03-30,22958,2022
EUR,2022-03-31,23763,2022
EUR,2022-04-01,24913,2022
EUR,2022-04-02,20915,2022
EUR,2022-04-03,22993,2022
EUR,2022-04-04,24007,2022
EUR,2022-04-05,22675,2022
EUR,2022-04-06,23852,2022
EUR,2022-04-07,24580,2022
EUR,2022-04-08,26283,2022
EUR,2022-04-09,22406,2022
EUR,2022-04-10,23986,2022
EUR,2022-04-11,24827,2022
EUR,2022-04-12,23804,2022
EUR,2022-04-13,25044,2022
EUR,2022-04-14,25916,2022
EUR,2022-04-15,24859,2022
EUR,2022-04-16,22315,2022
EUR,2022-04-17,23266,2022
EUR,2022-04-18,24847,2022
EUR,2022-04-19,24809,2022
EUR,2022-04-20,25007,2022
EUR,2022-04-21,25781,2022
EUR,2022-04-22,26866,2022
EUR,2022-04-23,22706,2022
EUR,2022-04-24,24658,2022
EUR,2022-04-25,25963,2022
EUR,2022-04-26,24899,2022
EUR,2022-04-27,25467,2022
EUR,2022-04-28,27001,2022
EUR,2022-04-29,28273,2022
EUR,2022-04-30,23922,2022
EUR,2022-05-01,25720,2022
EUR,2022-05-02,26897,2022
EUR,2022-05-03,25884,2022
EUR,2022-05-04,26545,2022
EUR,2022-05-05,27673,2022
EUR,2022-05-06,28682,2022
EUR,2022-05-07,24450,2022
EUR,2022-05-08,26481,2022
EUR,2022-05-09,27416,2022
EUR,2022-05-10,26397,2022
EUR,2022-05-11,26859,2022
EUR,2022-05-12,28157,2022
EUR,2022-05-13,28850,2022
EUR,2022-05-14,24497,2022
EUR,2022-05-15,26571,2022
EUR,2022-05-16,27568,2022
EUR,2022-05-17,25925,2022
EUR,2022-05-18,27452,2022
EUR,2022-05-19,28610,2022
EUR,2022-05-20,28735,2022
EUR,2022-05-21,25056,2022
EUR,2022-05-22,27214,2022
EUR,2022-05-23,27929,2022
EUR,2022-05-24,27348,2022
EUR,2022-05-25,29027,2022
EUR,2022-05-26,28085,2022
EUR,2022-05-27,28525,2022
EUR,2022-05-28,25857,2022
EUR,2022-05-29,28642,2022
EUR,2022-05-30,29623,2022
EUR,2022-05-31,28051,2022
EUR,2022-06-01,29201,2022
EUR,2022-06-02,29644,2022
EUR,2022-06-03,30401,2022
EUR,2022-06-04,26471,2022
EUR,2022-06-05,27469,2022
EUR,2022-06-06,29345,2022
EUR,2022-06-07,29030,2022
EUR,2022-06-08,29073,2022
EUR,2022-06-09,30336,2022
EUR,2022-06-10,31212,2022
EUR,2022-06-11,27047,2022
EUR,2022-06-12,28712,2022
EUR,2022-06-13,30231,2022
EUR,2022-06-14,29468,2022
EUR,2022-06-15,30149,2022
EUR,2022-06-16,30363,2022
EUR,2022-06-17,31188,2022
EUR,2022-06-18,27356,2022
EUR,2022-06-19,29329,2022
EUR,2022-06-20,30365,2022
EUR,2022-06-21,30124,2022
EUR,2022-06-22,30307,2022
EUR,2022-06-23,30998,2022
EUR,2022-06-24,30580,2022
EUR,2022-06-25,26966,2022
EUR,2022-06-26,28874,2022
EUR,2022-06-27,30444,2022
EUR,2022-06-28,29961,2022
EUR,2022-06-29,30447,2022
EUR,2022-06-30,30972,2022
EUR,2022-07-01,31977,2022
EUR,2022-07-02,28355,2022
EUR,2022-07-03,29968,2022
EUR,2022-07-04,30917,2022
EUR,2022-07-05,30082,2022
EUR,2022-07-06,30986,2022
EUR,2022-07-07,31443,2022
EUR,2022-07-08,32120,2022
EUR,2022-07-09,28825,2022
EUR,2022-07-10,29759,2022
EUR,2022-07-11,30721,2022
EUR,2022-07-12,30152,2022
EUR,2022-07-13,30468,2022
EUR,2022-07-14,30351,2022
EUR,2022-07-15,31487,2022
EUR,2022-07-16,28762,2022
EUR,2022-07-17,29174,2022
EUR,2022-07-18,31061,2022
EUR,2022-07-19,30090,2022
EUR,2022-07-20,30438,2022
EUR,2022-07-21,31156,2022
EUR,2022-07-22,31797,2022
EUR,2022-07-23,28930,2022
EUR,2022-07-24,29728,2022
EUR,2022-07-25,30883,2022
EUR,2022-07-26,30163,2022
EUR,2022-07-27,29607,2022
EUR,2022-07-28,31148,2022
EUR,2022-07-29,31660,2022
EUR,2022-07-30,29207,2022
EUR,2022-07-31,30204,2022
EUR,2022-08-01,30986,2022
EUR,2022-08-02,29995,2022
EUR,2022-08-03,30250,2022
EUR,2022-08-04,30498,2022
EUR,2022-08-05,31175,2022
EUR,2022-08-06,28823,2022
EUR,2022-08-07,29697,2022
EUR,2022-08-08,30481,2022
EUR,2022-08-09,29655,2022
EUR,2022-08-10,30327,2022
EUR,2022-08-11,30422,2022
EUR,2022-08-12,31380,2022
EUR,2022-08-13,28750,2022
EUR,2022-08-14,29539,2022
EUR,2022-08-15,29945,2022
EUR,2022-08-16,29686,2022
EUR,2022-08-17,29924,2022
EUR,2022-08-18,30607,2022
EUR,2022-08-19,31420,2022
EUR,2022-08-20,28863,2022
EUR,2022-08-21,29915,2022
EUR,2022-08-22,30913,2022
EUR,2022-08-23,30121,2022
EUR,2022-08-24,30919,2022
EUR,2022-08-25,31340,2022
EUR,2022-08-26,31901,2022
EUR,2022-08-27,28733,2022
EUR,2022-08-28,30087,2022
EUR,2022-08-29,31139,2022
EUR,2022-08-30,30541,2022
EUR,2022-08-31,31215,2022
EUR,2022-09-01,31358,2022
EUR,2022-09-02,30884,2022
EUR,2022-09-03,28124,2022
EUR,2022-09-04,29880,2022
EUR,2022-09-05,30887,2022
EUR,2022-09-06,29806,2022
EUR,2022-09-07,30637,2022
EUR,2022-09-08,30829,2022
EUR,2022-09-09,31448,2022
EUR,2022-09-10,27859,2022
EUR,2022-09-11,29656,2022
EUR,2022-09-12,30427,2022
EUR,2022-09-13,29615,2022
EUR,2022-09-14,30148,2022
EUR,2022-09-15,31110,2022
EUR,2022-09-16,28672,2022
EUR,2022-09-17,27453,2022
EUR,2022-09-18,29110,2022
EUR,2022-09-19,29706,2022
EUR,2022-09-20,29232,2022
EUR,2022-09-21,29748,2022
EUR,2022-09-22,30725,2022
EUR,2022-09-23,31203,2022
EUR,2022-09-24,26404,2022
EUR,2022-09-25,28268,2022
EUR,2022-09-26,29399,2022
EUR,2022-09-27,28850,2022
EUR,2022-09-28,29595,2022
EUR,2022-09-29,29483,2022
EUR,2022-09-30,30792,2022
EUR,2022-10-01,26201,2022
EUR,2022-10-02,28078,2022
EUR,2022-10-03,28977,2022
EUR,2022-10-04,27647,2022
EUR,2022-10-05,27963,2022
EUR,2022-10-06,28894,2022
EUR,2022-10-07,29670,2022
EUR,2022-10-08,25611,2022
EUR,2022-10-09,27456,2022
EUR,2022-10-10,28405,2022
EUR,2022-10-11,27522,2022
EUR,2022-10-12,28174,2022
EUR,2022-10-13,28732,2022
EUR,2022-10-14,29581,2022
EUR,2022-10-15,25582,2022
EUR,2022-10-16,27445,2022
EUR,2022-10-17,28044,2022
EUR,2022-10-18,26938,2022
EUR,2022-10-19,27422,2022
EUR,2022-10-20,28432,2022
EUR,2022-10-21,27341,2022
EUR,2022-10-22,25375,2022
EUR,2022-10-23,26555,2022
EUR,2022-10-24,27662,2022
EUR,2022-10-25,27025,2022
EUR,2022-10-26,27690,2022
EUR,2022-10-27,28292,2022
EUR,2022-10-28,28813,2022
EUR,2022-10-29,25167,2022
EUR,2022-10-30,25094,2022
EUR,2022-10-31,25029,2022
EUR,2022-11-01,22705,2022
EUR,2022-11-02,23751,2022
EUR,2022-11-03,24481,2022
EUR,2022-11-04,25823,2022
EUR,2022-11-05,21369,2022
EUR,2022-11-06,23919,2022
EUR,2022-11-07,24749,2022
EUR,2022-11-08,22587,2022
EUR,2022-11-09,22554,2022
EUR,2022-11-10,24183,2022
EUR,2022-11-11,24936,2022
EUR,2022-11-12,20036,2022
EUR,2022-11-13,22940,2022
EUR,2022-11-14,23989,2022
EUR,2022-11-15,22061,2022
EUR,2022-11-16,22493,2022
EUR,2022-11-17,23507,2022
EUR,2022-11-18,24777,2022
EUR,2022-11-19,19669,2022
EUR,2022-11-20,22296,2022
EUR,2022-11-21,23247,2022
EUR,2022-11-22,21350,2022
EUR,2022-11-23,21886,2022
EUR,2022-11-24,23131,2022
EUR,2022-11-25,24706,2022
EUR,2022-11-26,19341,2022
EUR,2022-11-27,22175,2022
EUR,2022-11-28,23462,2022
EUR,2022-11-29,21395,2022
EUR,2022-11-30,22141,2022
EUR,2022-12-01,23245,2022
EUR,2022-12-02,24475,2022
EUR,2022-12-03,19349,2022
EUR,2022-12-04,22066,2022
EUR,2022-12-05,23222,2022
EUR,2022-12-06,21544,2022
EUR,2022-12-07,22373,2022
EUR,2022-12-08,23055,2022
EUR,2022-12-09,24018,2022
EUR,2022-12-10,19614,2022
EUR,2022-12-11,21535,2022
EUR,2022-12-12,23083,2022
EUR,2022-12-13,21974,2022
EUR,2022-12-14,21915,2022
EUR,2022-12-15,23424,2022
EUR,2022-12-16,24697,2022
EUR,2022-12-17,21094,2022
EUR,2022-12-18,22478,2022
EUR,2022-12-19,23822,2022
EUR,2022-12-20,23284,2022
EUR,2022-12-21,23747,2022
EUR,2022-12-22,24678,2022
EUR,2022-12-23,25030,2022
EUR,2022-12-24,17957,2022
EUR,2022-12-25,14122,2022
EUR,2022-12-26,21395,2022
EUR,2022-12-27,21921,2022
EUR,2022-12-28,22060,2022
EUR,2022-12-29,22518,2022
EUR,2022-12-30,23526,2022
EUR,2022-12-31,17756,2022
EUR,2023-01-01,19755,2023
EUR,2023-01-02,23864,2023
EUR,2023-01-03,22474,2023
EUR,2023-01-04,22364,2023
EUR,2023-01-05,22863,2023
EUR,2023-01-06,23635,2023
EUR,2023-01-07,21152,2023
EUR,2023-01-08,22844,2023
EUR,2023-01-09,22709,2023
EUR,2023-01-10,20511,2023
EUR,2023-01-11,20789,2023
EUR,2023-01-12,21792,2023
EUR,2023-01-13,23331,2023
EUR,2023-01-14,19346,2023
EUR,2023-01-15,21393,2023
EUR,2023-01-16,22023,2023
EUR,2023-01-17,19864,2023
EUR,2023-01-18,20392,2023
EUR,2023-01-19,21223,2023
EUR,2023-01-20,23791,2023
EUR,2023-01-21,19323,2023
EUR,2023-01-22,21287,2023
EUR,2023-01-23,21977,2023
EUR,2023-01-24,19893,2023
EUR,2023-01-25,20288,2023
EUR,2023-01-26,21750,2023
EUR,2023-01-27,23137,2023
EUR,2023-01-28,19280,2023
EUR,2023-01-29,21469,2023
EUR,2023-01-30,22164,2023
EUR,2023-01-31,19749,2023
EUR,2023-02-01,20854,2023
EUR,2023-02-02,22013,2023
EUR,2023-02-03,23918,2023
EUR,2023-02-04,19779,2023
EUR,2023-02-05,21541,2023
EUR,2023-02-06,22635,2023
EUR,2023-02-07,20580,2023
EUR,2023-02-08,21564,2023
EUR,2023-02-09,23242,2023
EUR,2023-02-10,25523,2023
EUR,2023-02-11,21091,2023
EUR,2023-02-12,22998,2023
EUR,2023-02-13,23700,2023
EUR,2023-02-14,21650,2023
EUR,2023-02-15,22442,2023
EUR,2023-02-16,23570,2023
EUR,2023-02-17,23264,2023
EUR,2023-02-18,22199,2023
EUR,2023-02-19,23558,2023
EUR,2023-02-20,23915,2023
EUR,2023-02-21,21934,2023
EUR,2023-02-22,22795,2023
EUR,2023-02-23,23729,2023
EUR,2023-02-24,25312,2023
EUR,2023-02-25,21570,2023
EUR,2023-02-26,23431,2023
EUR,2023-02-27,23907,2023
EUR,2023-02-28,22179,2023
EUR,2023-03-01,23256,2023
EUR,2023-03-02,24078,2023
EUR,2023-03-03,25574,2023
EUR,2023-03-04,21436,2023
EUR,2023-03-05,23387,2023
EUR,2023-03-06,24024,2023
EUR,2023-03-07,21057,2023
EUR,2023-03-08,21807,2023
EUR,2023-03-09,23396,2023
EUR,2023-03-10,24213,2023
EUR,2023-03-11,21045,2023
EUR,2023-03-12,23391,2023
EUR,2023-03-13,23835,2023
EUR,2023-03-14,22491,2023
EUR,2023-03-15,23300,2023
EUR,2023-03-16,24348,2023
EUR,2023-03-17,25689,2023
EUR,2023-03-18,21561,2023
EUR,2023-03-19,23733,2023
EUR,2023-03-20,24819,2023
EUR,2023-03-21,22826,2023
EUR,2023-03-22,23413,2023
EUR,2023-03-23,24121,2023
EUR,2023-03-24,25221,2023
EUR,2023-03-25,20835,2023
EUR,2023-03-26,23716,2023
EUR,2023-03-27,23418,2023
EUR,2023-03-28,25041,2023
EUR,2023-03-29,25949,2023
EUR,2023-03-30,26866,2023
EUR,2023-03-31,27057,2023
EUR,2023-04-01,23988,2023
EUR,2023-04-02,24940,2023
EUR,2023-04-03,26898,2023
EUR,2023-04-04,26101,2023
EUR,2023-04-05,26953,2023
EUR,2023-04-06,27039,2023
EUR,2023-04-07,26138,2023
EUR,2023-04-08,23624,2023
EUR,2023-04-09,24798,2023
EUR,2023-04-10,26269,2023
EUR,2023-04-11,26552,2023
EUR,2023-04-12,26577,2023
EUR,2023-04-13,27585,2023
EUR,2023-04-14,28603,2023
EUR,2023-04-15,24798,2023
EUR,2023-04-16,26289,2023
EUR,2023-04-17,27943,2023
EUR,2023-04-18,27426,2023
EUR,2023-04-19,27983,2023
EUR,2023-04-20,28615,2023
EUR,2023-04-21,28886,2023
EUR,2023-04-22,25258,2023
EUR,2023-04-23,27274,2023
EUR,2023-04-24,28247,2023
EUR,2023-04-25,27471,2023
EUR,2023-04-26,28308,2023
EUR,2023-04-27,29530,2023
EUR,2023-04-28,30185,2023
EUR,2023-04-29,25679,2023
EUR,2023-04-30,26829,2023
EUR,2023-05-01,26546,2023
EUR,2023-05-02,27981,2023
EUR,2023-05-03,28575,2023
EUR,2023-05-04,29865,2023
EUR,2023-05-05,29958,2023
EUR,2023-05-06,26001,2023
EUR,2023-05-07,27792,2023
EUR,2023-05-08,29023,2023
EUR,2023-05-09,28550,2023
EUR,2023-05-10,28964,2023
EUR,2023-05-11,29876,2023
EUR,2023-05-12,30564,2023
EUR,2023-05-13,26502,2023
EUR,2023-05-14,28252,2023
EUR,2023-05-15,29569,2023
EUR,2023-05-16,28657,2023
EUR,2023-05-17,29262,2023
EUR,2023-05-18,28857,2023
EUR,2023-05-19,28428,2023
EUR,2023-05-20,26560,2023
EUR,2023-05-21,29326,2023
EUR,2023-05-22,30005,2023
EUR,2023-05-23,29336,2023
EUR,2023-05-24,29997,2023
EUR,2023-05-25,30916,2023
EUR,2023-05-26,31822,2023
EUR,2023-05-27,27925,2023
EUR,2023-05-28,28517,2023
EUR,2023-05-29,30051,2023
EUR,2023-05-30,30081,2023
EUR,2023-05-31,30570,2023
EUR,2023-06-01,31890,2023
EUR,2023-06-02,31911,2023
EUR,2023-06-03,28451,2023
EUR,2023-06-04,29962,2023
EUR,2023-06-05,31360,2023
EUR,2023-06-06,29558,2023
EUR,2023-06-07,31578,2023
EUR,2023-06-08,31854,2023
EUR,2023-06-09,32407,2023
EUR,2023-06-10,28941,2023
EUR,2023-06-11,31103,2023
EUR,2023-06-12,31786,2023
EUR,2023-06-13,31205,2023
EUR,2023-06-14,31796,2023
EUR,2023-06-15,33172,2023
EUR,2023-06-16,33552,2023
EUR,2023-06-17,29387,2023
EUR,2023-06-18,30786,2023
EUR,2023-06-19,32614,2023
EUR,2023-06-20,31245,2023
EUR,2023-06-21,32458,2023
EUR,2023-06-22,32772,2023
EUR,2023-06-23,33333,2023
EUR,2023-06-24,29834,2023
EUR,2023-06-25,31731,2023
EUR,2023-06-26,33098,2023
EUR,2023-06-27,32492,2023
EUR,2023-06-28,32679,2023
EUR,2023-06-29,33271,2023
EUR,2023-06-30,33708,2023
EUR,2023-07-01,30867,2023
EUR,2023-07-02,32386,2023
EUR,2023-07-03,33262,2023
EUR,2023-07-04,32251,2023
EUR,2023-07-05,32459,2023
EUR,2023-07-06,33763,2023
EUR,2023-07-07,34263,2023
EUR,2023-07-08,30673,2023
EUR,2023-07-09,32064,2023
EUR,2023-07-10,33284,2023
EUR,2023-07-11,32210,2023
EUR,2023-07-12,32825,2023
EUR,2023-07-13,33551,2023
EUR,2023-07-14,33669,2023
EUR,2023-07-15,29875,2023
EUR,2023-07-16,32238,2023
EUR,2023-07-17,33170,2023
EUR,2023-07-18,32447,2023
EUR,2023-07-19,32747,2023
EUR,2023-07-20,33658,2023
EUR,2023-07-21,33593,2023
EUR,2023-07-22,30827,2023
EUR,2023-07-23,32081,2023
EUR,2023-07-24,32586,2023
EUR,2023-07-25,31987,2023
EUR,2023-07-26,32653,2023
EUR,2023-07-27,33271,2023
EUR,2023-07-28,33633,2023
EUR,2023-07-29,30711,2023
EUR,2023-07-30,32131,2023
EUR,2023-07-31,32842,2023
EUR,2023-08-01,32129,2023
EUR,2023-08-02,32288,2023
EUR,2023-08-03,32819,2023
EUR,2023-08-04,33268,2023
EUR,2023-08-05,30859,2023
EUR,2023-08-06,31798,2023
EUR,2023-08-07,32707,2023
EUR,2023-08-08,31672,2023
EUR,2023-08-09,32319,2023
EUR,2023-08-10,32952,2023
EUR,2023-08-11,33429,2023
EUR,2023-08-12,30796,2023
EUR,2023-08-13,31873,2023
EUR,2023-08-14,31914,2023
EUR,2023-08-15,31197,2023
EUR,2023-08-16,31928,2023
EUR,2023-08-17,32576,2023
EUR,2023-08-18,33192,2023
EUR,2023-08-19,30627,2023
EUR,2023-08-20,32237,2023
EUR,2023-08-21,32955,2023
EUR,2023-08-22,32289,2023
EUR,2023-08-23,32775,2023
EUR,2023-08-24,33011,2023
EUR,2023-08-25,33334,2023
EUR,2023-08-26,30280,2023
EUR,2023-08-27,31583,2023
EUR,2023-08-28,30961,2023
EUR,2023-08-29,32799,2023
EUR,2023-08-30,33284,2023
EUR,2023-08-31,33762,2023
EUR,2023-09-01,33986,2023
EUR,2023-09-02,30244,2023
EUR,2023-09-03,32208,2023
EUR,2023-09-04,32944,2023
EUR,2023-09-05,32019,2023
EUR,2023-09-06,32473,2023
EUR,2023-09-07,33431,2023
EUR,2023-09-08,33153,2023
EUR,2023-09-09,29708,2023
EUR,2023-09-10,31838,2023
EUR,2023-09-11,32664,2023
EUR,2023-09-12,31867,2023
EUR,2023-09-13,32402,2023
EUR,2023-09-14,33235,2023
EUR,2023-09-15,33519,2023
EUR,2023-09-16,29207,2023
EUR,2023-09-17,31279,2023
EUR,2023-09-18,32166,2023
EUR,2023-09-19,31525,2023
EUR,2023-09-20,32219,2023
EUR,2023-09-21,32764,2023
EUR,2023-09-22,33207,2023
EUR,2023-09-23,28877,2023
EUR,2023-09-24,30781,2023
EUR,2023-09-25,31807,2023
EUR,2023-09-26,31595,2023
EUR,2023-09-27,32022,2023
EUR,2023-09-28,32860,2023
EUR,2023-09-29,32921,2023
EUR,2023-09-30,29072,2023
EUR,2023-10-01,30689,2023
EUR,2023-10-02,31409,2023
EUR,2023-10-03,30484,2023
EUR,2023-10-04,31051,2023
EUR,2023-10-05,31845,2023
EUR,2023-10-06,32379,2023
EUR,2023-10-07,28131,2023
EUR,2023-10-08,29957,2023
EUR,2023-10-09,30828,2023
EUR,2023-10-10,29837,2023
EUR,2023-10-11,30240,2023
EUR,2023-10-12,31199,2023
EUR,2023-10-13,30853,2023
EUR,2023-10-14,27545,2023
EUR,2023-10-15,29475,2023
EUR,2023-10-16,30818,2023
EUR,2023-10-17,29341,2023
EUR,2023-10-18,29652,2023
EUR,2023-10-19,30182,2023
EUR,2023-10-20,30142,2023
EUR,2023-10-21,27108,2023
EUR,2023-10-22,28922,2023
EUR,2023-10-23,29681,2023
EUR,2023-10-24,28924,2023
EUR,2023-10-25,29526,2023
EUR,2023-10-26,30141,2023
EUR,2023-10-27,30912,2023
EUR,2023-10-28,26896,2023
EUR,2023-10-29,27020,2023
EUR,2023-10-30,27344,2023
EUR,2023-10-31,25669,2023
EUR,2023-11-01,24685,2023
EUR,2023-11-02,24855,2023
EUR,2023-11-03,27550,2023
EUR,2023-11-04,23267,2023
EUR,2023-11-05,25762,2023
EUR,2023-11-06,26774,2023
EUR,2023-11-07,23756,2023
EUR,2023-11-08,24386,2023
EUR,2023-11-09,25174,2023
EUR,2023-11-10,26803,2023
EUR,2023-11-11,21493,2023
EUR,2023-11-12,24406,2023
EUR,2023-11-13,25402,2023
EUR,2023-11-14,23134,2023
EUR,2023-11-15,23898,2023
EUR,2023-11-16,25015,2023
EUR,2023-11-17,26764,2023
EUR,2023-11-18,21199,2023
EUR,2023-11-19,23876,2023
EUR,2023-11-20,25116,2023
EUR,2023-11-21,22723,2023
EUR,2023-11-22,23338,2023
EUR,2023-11-23,24539,2023
EUR,2023-11-24,25590,2023
EUR,2023-11-25,21049,2023
EUR,2023-11-26,24015,2023
EUR,2023-11-27,25197,2023
EUR,2023-11-28,22394,2023
EUR,2023-11-29,23438,2023
EUR,2023-11-30,24240,2023
EUR,2023-12-01,25719,2023
EUR,2023-12-02,19843,2023
EUR,2023-12-03,23271,2023
EUR,2023-12-04,24363,2023
EUR,2023-12-05,22249,2023
EUR,2023-12-06,23044,2023
EUR,2023-12-07,24054,2023
EUR,2023-12-08,25491,2023
EUR,2023-12-09,21110,2023
EUR,2023-12-10,24277,2023
EUR,2023-12-11,25354,2023
EUR,2023-12-12,23054,2023
EUR,2023-12-13,23831,2023
EUR,2023-12-14,25034,2023
EUR,2023-12-15,27369,2023
EUR,2023-12-16,22700,2023
EUR,2023-12-17,24539,2023
EUR,2023-12-18,25772,2023
EUR,2023-12-19,24938,2023
EUR,2023-12-20,25694,2023
EUR,2023-12-21,25537,2023
EUR,2023-12-22,26982,2023
EUR,2023-12-23,23812,2023
EUR,2023-12-24,19539,2023
EUR,2023-12-25,14963,2023
EUR,2023-12-26,21632,2023
EUR,2023-12-27,24053,2023
EUR,2023-12-28,24757,2023
EUR,2023-12-29,25774,2023
EUR,2023-12-30,22901,2023
EUR,2023-12-31,20095,2023
EUR,2024-01-01,21276,2024
EUR,2024-01-02,23774,2024
EUR,2024-01-03,23891,2024
EUR,2024-01-04,24520,2024
EUR,2024-01-05,25663,2024
EUR,2024-01-06,22807,2024
EUR,2024-01-07,24548,2024
EUR,2024-01-08,24404,2024
EUR,2024-01-09,21231,2024
EUR,2024-01-10,21508,2024
EUR,2024-01-11,22517,2024
EUR,2024-01-12,24444,2024
EUR,2024-01-13,20268,2024
EUR,2024-01-14,22594,2024
EUR,2024-01-15,22880,2024
EUR,2024-01-16,20174,2024
EUR,2024-01-17,19501,2024
EUR,2024-01-18,21620,2024
EUR,2024-01-19,24546,2024
EUR,2024-01-20,20380,2024
EUR,2024-01-21,22025,2024
EUR,2024-01-22,22974,2024
EUR,2024-01-23,20693,2024
EUR,2024-01-24,21109,2024
EUR,2024-01-25,22827,2024
EUR,2024-01-26,24446,2024
EUR,2024-01-27,20427,2024
EUR,2024-01-28,22717,2024
EUR,2024-01-29,23210,2024
EUR,2024-01-30,20956,2024
EUR,2024-01-31,21556,2024
EUR,2024-02-01,21994,2024
EUR,2024-02-02,24719,2024
EUR,2024-02-03,20807,2024
EUR,2024-02-04,22988,2024
EUR,2024-02-05,24131,2024
EUR,2024-02-06,21315,2024
EUR,2024-02-07,21144,2024
EUR,2024-02-08,23479,2024
EUR,2024-02-09,25887,2024
EUR,2024-02-10,22251,2024
EUR,2024-02-11,23529,2024
EUR,2024-02-12,24316,2024
EUR,2024-02-13,22046,2024
EUR,2024-02-14,22878,2024
EUR,2024-02-15,24607,2024
EUR,2024-02-16,26597,2024
EUR,2024-02-17,22977,2024
EUR,2024-02-18,24843,2024
EUR,2024-02-19,25108,2024
EUR,2024-02-20,21685,2024
EUR,2024-02-21,23259,2024
EUR,2024-02-22,24177,2024
EUR,2024-02-23,26105,2024
EUR,2024-02-24,22603,2024
EUR,2024-02-25,24720,2024
EUR,2024-02-26,25373,2024
EUR,2024-02-27,22823,2024
EUR,2024-02-28,23631,2024
EUR,2024-02-29,24951,2024
EUR,2024-03-01,26715,2024
EUR,2024-03-02,22682,2024
EUR,2024-03-03,24853,2024
EUR,2024-03-04,26073,2024
EUR,2024-03-05,23463,2024
EUR,2024-03-06,24061,2024
EUR,2024-03-07,24751,2024
EUR,2024-03-08,26248,2024
EUR,2024-03-09,22447,2024
EUR,2024-03-10,24936,2024
EUR,2024-03-11,26086,2024
EUR,2024-03-12,23041,2024
EUR,2024-03-13,23648,2024
EUR,2024-03-14,25640,2024
EUR,2024-03-15,27542,2024
EUR,2024-03-16,22813,2024
EUR,2024-03-17,25045,2024
EUR,2024-03-18,26312,2024
EUR,2024-03-19,23935,2024
EUR,2024-03-20,24893,2024
EUR,2024-03-21,26061,2024
EUR,2024-03-22,28138,2024
EUR,2024-03-23,23329,2024
EUR,2024-03-24,24758,2024
EUR,2024-03-25,26382,2024
EUR,2024-03-26,24599,2024
EUR,2024-03-27,25593,2024
EUR,2024-03-28,26185,2024
EUR,2024-03-29,26099,2024
EUR,2024-03-30,23279,2024
EUR,2024-03-31,25973,2024
EUR,2024-04-01,27330,2024
EUR,2024-04-02,27687,2024
EUR,2024-04-03,27922,2024
EUR,2024-04-04,28765,2024
EUR,2024-04-05,29614,2024
EUR,2024-04-06,25958,2024
EUR,2024-04-07,28011,2024
EUR,2024-04-08,29135,2024
EUR,2024-04-09,28172,2024
EUR,2024-04-10,28853,2024
EUR,2024-04-11,30003,2024
EUR,2024-04-12,30206,2024
EUR,2024-04-13,26302,2024
EUR,2024-04-14,28146,2024
EUR,2024-04-15,29100,2024
EUR,2024-04-16,28375,2024
EUR,2024-04-17,28896,2024
EUR,2024-04-18,30031,2024
EUR,2024-04-19,30405,2024
EUR,2024-04-20,26233,2024
EUR,2024-04-21,28394,2024
EUR,2024-04-22,29541,2024
EUR,2024-04-23,28591,2024
EUR,2024-04-24,29335,2024
EUR,2024-04-25,27985,2024
EUR,2024-04-26,31035,2024
EUR,2024-04-27,26967,2024
EUR,2024-04-28,28587,2024
EUR,2024-04-29,30029,2024
EUR,2024-04-30,29365,2024
EUR,2024-05-01,28428,2024
EUR,2024-05-02,30205,2024
EUR,2024-05-03,30997,2024
EUR,2024-05-04,27726,2024
EUR,2024-05-05,29436,2024
EUR,2024-05-06,30505,2024
EUR,2024-05-07,30226,2024
EUR,2024-05-08,30855,2024
EUR,2024-05-09,30221,2024
EUR,2024-05-10,30616,2024
EUR,2024-05-11,28027,2024
EUR,2024-05-12,30700,2024
EUR,2024-05-13,31399,2024
EUR,2024-05-14,30493,2024
EUR,2024-05-15,31053,2024
EUR,2024-05-16,31878,2024
EUR,2024-05-17,31932,2024
EUR,2024-05-18,28433,2024
EUR,2024-05-19,29765,2024
EUR,2024-05-20,30912,2024
EUR,2024-05-21,30704,2024
EUR,2024-05-22,31342,2024
EUR,2024-05-23,32694,2024
EUR,2024-05-24,32893,2024
EUR,2024-05-25,28899,2024
EUR,2024-05-26,30642,2024
EUR,2024-05-27,32278,2024
EUR,2024-05-28,31300,2024
EUR,2024-05-29,32203,2024
EUR,2024-05-30,32571,2024
EUR,2024-05-31,33177,2024
EUR,2024-06-01,30044,2024
EUR,2024-06-02,32364,2024
EUR,2024-06-03,33063,2024
EUR,2024-06-04,32112,2024
EUR,2024-06-05,32924,2024
EUR,2024-06-06,33516,2024
EUR,2024-06-07,33900,2024
EUR,2024-06-08,30060,2024
EUR,2024-06-09,31915,2024
EUR,2024-06-10,33750,2024
EUR,2024-06-11,32571,2024
EUR,2024-06-12,33561,2024
EUR,2024-06-13,34451,2024
EUR,2024-06-14,35176,2024
EUR,2024-06-15,31165,2024
EUR,2024-06-16,32827,2024
EUR,2024-06-17,33881,2024
EUR,2024-06-18,33175,2024
EUR,2024-06-19,34217,2024
EUR,2024-06-20,34847,2024
EUR,2024-06-21,34424,2024
EUR,2024-06-22,31180,2024
EUR,2024-06-23,33148,2024
EUR,2024-06-24,34447,2024
EUR,2024-06-25,33718,2024
EUR,2024-06-26,33776,2024
EUR,2024-06-27,34422,2024
EUR,2024-06-28,34966,2024
EUR,2024-06-29,31276,2024
EUR,2024-06-30,33222,2024
EUR,2024-07-01,34487,2024
EUR,2024-07-02,33763,2024
EUR,2024-07-03,34282,2024
EUR,2024-07-04,34807,2024
EUR,2024-07-05,34993,2024
EUR,2024-07-06,31842,2024
EUR,2024-07-07,33338,2024
EUR,2024-07-08,34246,2024
EUR,2024-07-09,33664,2024
EUR,2024-07-10,34125,2024
EUR,2024-07-11,34870,2024
EUR,2024-07-12,34307,2024
EUR,2024-07-13,32266,2024
EUR,2024-07-14,33604,2024
EUR,2024-07-15,35042,2024
EUR,2024-07-16,33695,2024
EUR,2024-07-17,34291,2024
EUR,2024-07-18,34837,2024
EUR,2024-07-19,33287,2024
EUR,2024-07-20,31994,2024
EUR,2024-07-21,32872,2024
EUR,2024-07-22,34403,2024
EUR,2024-07-23,33455,2024
EUR,2024-07-24,34299,2024
EUR,2024-07-25,34757,2024
EUR,2024-07-26,34164,2024
EUR,2024-07-27,32192,2024
EUR,2024-07-28,33567,2024
EUR,2024-07-29,34128,2024
EUR,2024-07-30,33522,2024
EUR,2024-07-31,34045,2024
EUR,2024-08-01,33968,2024
EUR,2024-08-02,34565,2024
EUR,2024-08-03,32268,2024
EUR,2024-08-04,33147,2024
EUR,2024-08-05,34179,2024
EUR,2024-08-06,33255,2024
EUR,2024-08-07,33282,2024
EUR,2024-08-08,34199,2024
EUR,2024-08-09,34439,2024
EUR,2024-08-10,32252,2024
EUR,2024-08-11,32994,2024
EUR,2024-08-12,33897,2024
EUR,2024-08-13,32757,2024
EUR,2024-08-14,33163,2024
EUR,2024-08-15,33274,2024
EUR,2024-08-16,34321,2024
EUR,2024-08-17,31865,2024
EUR,2024-08-18,32870,2024
EUR,2024-08-19,34144,2024
EUR,2024-08-20,33493,2024
EUR,2024-08-21,33837,2024
EUR,2024-08-22,34391,2024
EUR,2024-08-23,34850,2024
EUR,2024-08-24,31794,2024
EUR,2024-08-25,33200,2024
EUR,2024-08-26,34174,2024
EUR,2024-08-27,33554,2024
EUR,2024-08-28,34188,2024
EUR,2024-08-29,34772,2024
EUR,2024-08-30,35048,2024
EUR,2024-08-31,31934,2024
EUR,2024-09-01,33548,2024
EUR,2024-09-02,34188,2024
EUR,2024-09-03,33487,2024
EUR,2024-09-04,33655,2024
EUR,2024-09-05,34316,2024
EUR,2024-09-06,34767,2024
EUR,2024-09-07,30851,2024
EUR,2024-09-08,32617,2024
EUR,2024-09-09,33932,2024
EUR,2024-09-10,32889,2024
EUR,2024-09-11,33562,2024
EUR,2024-09-12,34010,2024
EUR,2024-09-13,34239,2024
EUR,2024-09-14,30512,2024
EUR,2024-09-15,32654,2024
EUR,2024-09-16,33786,2024
EUR,2024-09-17,33081,2024
EUR,2024-09-18,33436,2024
EUR,2024-09-19,34165,2024
EUR,2024-09-20,34412,2024
EUR,2024-09-21,30272,2024
EUR,2024-09-22,32379,2024
EUR,2024-09-23,33402,2024
EUR,2024-09-24,32185,2024
EUR,2024-09-25,33107,2024
EUR,2024-09-26,33725,2024
EUR,2024-09-27,33816,2024
EUR,2024-09-28,30067,2024
EUR,2024-09-29,32155,2024
EUR,2024-09-30,33102,2024
EUR,2024-10-01,31301,2024
EUR,2024-10-02,31877,2024
EUR,2024-10-03,32031,2024
EUR,2024-10-04,32314,2024
EUR,2024-10-05,29112,2024
EUR,2024-10-06,31162,2024
EUR,2024-10-07,32075,2024
EUR,2024-10-08,30680,2024
EUR,2024-10-09,31051,2024
EUR,2024-10-10,32112,2024
EUR,2024-10-11,32674,2024
EUR,2024-10-12,28518,2024
EUR,2024-10-13,30623,2024
EUR,2024-10-14,31587,2024
EUR,2024-10-15,30878,2024
EUR,2024-10-16,31055,2024
EUR,2024-10-17,31639,2024
EUR,2024-10-18,32329,2024
EUR,2024-10-19,28757,2024
EUR,2024-10-20,29984,2024
EUR,2024-10-21,31398,2024
EUR,2024-10-22,30538,2024
EUR,2024-10-23,30806,2024
EUR,2024-10-24,31601,2024
EUR,2024-10-25,32188,2024
EUR,2024-10-26,28468,2024
EUR,2024-10-27,28127,2024
EUR,2024-10-28,28756,2024
EUR,2024-10-29,26785,2024
EUR,2024-10-30,27660,2024
EUR,2024-10-31,28368,2024
EUR,2024-11-01,28057,2024
EUR,2024-11-02,25167,2024
EUR,2024-11-03,27994,2024
EUR,2024-11-04,27783,2024
EUR,2024-11-05,24624,2024
EUR,2024-11-06,24904,2024
EUR,2024-11-07,26576,2024
EUR,2024-11-08,28101,2024
EUR,2024-11-09,23110,2024
EUR,2024-11-10,25526,2024
EUR,2024-11-11,26507,2024
EUR,2024-11-12,23878,2024
EUR,2024-11-13,24224,2024
EUR,2024-11-14,26205,2024
EUR,2024-11-15,28058,2024
EUR,2024-11-16,22586,2024
EUR,2024-11-17,25316,2024
EUR,2024-11-18,26696,2024
EUR,2024-11-19,23148,2024
EUR,2024-11-20,23801,2024
EUR,2024-11-21,24930,2024
EUR,2024-11-22,26941,2024
EUR,2024-11-23,22133,2024
EUR,2024-11-24,24630,2024
EUR,2024-11-25,26433,2024
EUR,2024-11-26,23572,2024
EUR,2024-11-27,23980,2024
EUR,2024-11-28,25620,2024
EUR,2024-11-29,26906,2024
EUR,2024-11-30,22194,2024
EUR,2024-12-01,24945,2024
EUR,2024-12-02,26372,2024
EUR,2024-12-03,23558,2024
EUR,2024-12-04,24160,2024
EUR,2024-12-05,25457,2024
EUR,2024-12-06,26752,2024
EUR,2024-12-07,21274,2024
EUR,2024-12-08,24639,2024
EUR,2024-12-09,26620,2024
EUR,2024-12-10,23813,2024
EUR,2024-12-11,24623,2024
EUR,2024-12-12,26200,2024
EUR,2024-12-13,27982,2024
EUR,2024-12-14,23305,2024
EUR,2024-12-15,25293,2024
EUR,2024-12-16,27058,2024
EUR,2024-12-17,24544,2024
EUR,2024-12-18,25419,2024
EUR,2024-12-19,27726,2024
EUR,2024-12-20,29101,2024
EUR,2024-12-21,25344,2024
EUR,2024-12-22,25983,2024
EUR,2024-12-23,26411,2024
EUR,2024-12-24,19620,2024
EUR,2024-12-25,15184,2024
EUR,2024-12-26,23547,2024
EUR,2024-12-27,26210,2024
EUR,2024-12-28,24190,2024
EUR,2024-12-29,25173,2024
EUR,2024-12-30,25506,2024
EUR,2024-12-31,20502,2024
