REG,DATE,FLIGHTS,D,A,I,O,HEAVY,MED,LIGHT,SCHED,CHARTER,CARGO,OTHER
EUR,2023-01-01,19968,2369,2334,14737,528,2473,17152,342,17696,425,377,1005
EUR,2023-01-02,24095,2407,2477,18663,548,3009,20074,1014,20240,638,745,2590
EUR,2023-01-03,22712,2427,2430,17282,573,3108,18474,1131,18535,545,1135,2587
EUR,2023-01-04,22599,2335,2356,17330,578,3164,18292,1145,18560,428,1180,2545
EUR,2023-01-05,23111,2435,2429,17700,547,3181,18652,1280,18986,491,1140,2624
EUR,2023-01-06,23875,2508,2486,18323,558,3172,19552,1153,20152,507,919,2365
EUR,2023-01-07,21421,2558,2549,15752,562,3128,17381,913,18218,670,536,2045
EUR,2023-01-08,23108,2507,2617,17413,571,3166,19223,720,20079,576,596,1973
EUR,2023-01-09,22935,2294,2391,17712,538,3094,18765,1078,19118,442,978,2484
EUR,2023-01-10,20758,2217,2220,15772,549,3129,16335,1295,16358,433,1247,2801
EUR,2023-01-11,21003,2180,2209,16066,548,3110,16391,1504,16427,367,1269,3072
EUR,2023-01-12,22046,2326,2286,16941,493,3130,17444,1473,17229,478,1312,3120
EUR,2023-01-13,23560,2324,2339,18375,522,3150,19055,1356,19261,487,1147,2730
EUR,2023-01-14,19584,2420,2387,14280,497,3103,15728,755,16781,550,596,1713
EUR,2023-01-15,21622,2388,2475,16254,505,3088,17893,643,18975,456,586,1735
EUR,2023-01-16,22232,2192,2373,17204,463,3055,18146,1033,18245,376,1000,2711
EUR,2023-01-17,20095,2111,2135,15365,484,3016,15800,1280,15636,399,1233,2922
EUR,2023-01-18,20610,2107,2079,15921,503,3041,16110,1461,16042,326,1257,3084
EUR,2023-01-19,21446,2260,2245,16486,455,3122,17034,1291,16708,431,1318,3097
EUR,2023-01-20,24029,2384,2304,18847,494,3145,19489,1397,19125,488,1162,3322
EUR,2023-01-21,19546,2431,2394,14257,464,3060,15724,763,16605,561,628,1817
EUR,2023-01-22,21515,2414,2390,16232,479,3051,17731,734,18620,458,601,1955
EUR,2023-01-23,22193,2136,2207,17391,459,2972,17973,1250,18099,345,1001,2855
EUR,2023-01-24,20124,2041,2046,15566,471,2961,15663,1502,15523,390,1220,3091
EUR,2023-01-25,20514,2089,2050,15887,488,3002,16062,1452,15771,351,1240,3251
EUR,2023-01-26,21966,2229,2244,17037,456,3064,17372,1531,17003,447,1270,3340
EUR,2023-01-27,23363,2263,2229,18385,486,3075,18895,1394,18810,453,1137,3023
EUR,2023-01-28,19506,2388,2328,14335,455,2971,15658,878,16553,550,556,1910
EUR,2023-01-29,21692,2345,2382,16483,482,2999,17743,951,18757,419,559,2088
EUR,2023-01-30,22365,2106,2168,17640,451,2932,18002,1432,18215,349,935,2977
EUR,2023-01-31,19963,2098,2071,15326,468,2985,15635,1345,15544,393,1213,2884
EUR,2023-02-01,21075,2111,2069,16418,477,2989,16595,1493,16379,354,1284,3185
EUR,2023-02-02,22234,2267,2248,17256,463,3025,17653,1558,17317,485,1294,3260
EUR,2023-02-03,24135,2316,2307,19025,487,3111,19539,1486,19561,448,1181,3040
EUR,2023-02-04,20023,2464,2385,14715,459,3060,16130,835,16995,670,623,1804
EUR,2023-02-05,21769,2304,2409,16577,479,2961,18005,804,18846,532,586,1941
EUR,2023-02-06,22835,2200,2230,17955,450,3028,18363,1445,18307,521,1044,3059
EUR,2023-02-07,20804,2090,2129,16105,480,3071,16132,1602,15652,562,1332,3344
EUR,2023-02-08,21787,2150,2134,17004,499,3167,16852,1770,16265,603,1399,3635
EUR,2023-02-09,23462,2337,2273,18383,469,3241,18236,1986,17506,687,1463,3915
EUR,2023-02-10,25752,2385,2359,20500,508,3239,20744,1770,19896,702,1316,3919
EUR,2023-02-11,21321,2464,2417,15948,492,3144,17270,908,17459,767,698,2460
EUR,2023-02-12,23232,2420,2487,17822,503,3170,19147,917,19625,680,710,2344
EUR,2023-02-13,23898,2229,2285,18935,449,3092,19238,1569,19183,484,1082,3269
EUR,2023-02-14,21876,2206,2179,17015,476,3107,17043,1727,16773,472,1337,3384
EUR,2023-02-15,22672,2242,2239,17667,524,3205,17708,1760,17237,533,1350,3660
EUR,2023-02-16,23795,2358,2373,18587,477,3292,18757,1748,18155,551,1403,3769
EUR,2023-02-17,23503,2220,2237,18545,501,2952,18992,1561,18366,561,1184,3464
EUR,2023-02-18,22433,2593,2532,16813,495,3298,18124,1012,18318,709,758,2728
EUR,2023-02-19,23797,2476,2511,18310,500,3158,19631,1009,20096,513,689,2635
EUR,2023-02-20,24132,2276,2323,19050,483,3148,19461,1524,19728,402,1088,3025
EUR,2023-02-21,22150,2232,2247,17186,485,3101,17403,1647,17237,396,1356,3287
EUR,2023-02-22,23037,2309,2292,17884,552,3233,18076,1729,17737,446,1383,3602
EUR,2023-02-23,23976,2423,2389,18650,514,3223,19133,1622,18671,517,1382,3518
EUR,2023-02-24,25543,2429,2426,20198,490,3228,20776,1541,20569,548,1257,3238
EUR,2023-02-25,21807,2537,2502,16270,498,3178,17733,898,18253,692,646,2285
EUR,2023-02-26,23677,2508,2574,18063,532,3162,19567,950,20097,572,651,2479
EUR,2023-02-27,24129,2290,2378,18967,494,3146,19405,1580,19441,417,1027,3336
EUR,2023-02-28,22393,2282,2228,17394,489,3117,17646,1631,17383,415,1294,3405
EUR,2023-03-01,23528,2382,2349,18239,558,3173,18547,1809,18118,479,1302,3719
EUR,2023-03-02,24350,2504,2461,18878,507,3248,19265,1838,18973,518,1377,3560
EUR,2023-03-03,25841,2503,2504,20317,517,3267,20852,1723,20764,505,1223,3414
EUR,2023-03-04,21711,2580,2525,16121,485,3141,17577,994,18210,647,644,2265
EUR,2023-03-05,23647,2559,2605,17972,511,3193,19550,905,20340,524,665,2199
EUR,2023-03-06,24287,2319,2417,19051,500,3107,19815,1366,19993,415,1015,2942
EUR,2023-03-07,21314,2210,2224,16371,509,3103,16955,1258,16883,414,1239,2836
EUR,2023-03-08,22077,2290,2265,16981,541,3207,17457,1415,17194,471,1320,3192
EUR,2023-03-09,23668,2415,2388,18357,508,3247,18918,1505,18441,499,1337,3479
EUR,2023-03-10,24478,2448,2425,19094,511,3264,19949,1267,19910,488,1190,2957
EUR,2023-03-11,21323,2588,2531,15719,485,3215,17212,898,17979,649,670,2077
EUR,2023-03-12,23672,2550,2580,18000,542,3189,19477,1007,20061,566,659,2490
EUR,2023-03-13,24086,2314,2417,18827,528,3126,19486,1475,19405,430,1052,3307
EUR,2023-03-14,22756,2320,2286,17642,508,3106,18094,1557,17764,455,1292,3305
EUR,2023-03-15,23570,2374,2346,18315,535,3207,18400,1964,18106,461,1307,3806
EUR,2023-03-16,24611,2465,2447,19151,548,3314,19124,2174,18651,532,1362,4160
EUR,2023-03-17,25957,2552,2488,20404,513,3297,20605,2056,20317,564,1207,3929
EUR,2023-03-18,21850,2624,2589,16122,515,3277,17522,1053,18283,699,639,2272
EUR,2023-03-19,24013,2557,2628,18270,558,3218,19732,1065,20428,544,654,2516
EUR,2023-03-20,25091,2426,2512,19611,542,3256,20109,1727,20089,466,1058,3588
EUR,2023-03-21,23082,2337,2339,17886,520,3180,18003,1901,17747,424,1330,3657
EUR,2023-03-22,23693,2354,2350,18400,589,3269,18547,1878,18170,494,1336,3773
EUR,2023-03-23,24377,2405,2398,19049,525,3248,19234,1896,18822,491,1349,3801
EUR,2023-03-24,25496,2446,2428,20087,535,3297,20630,1570,20481,482,1206,3392
EUR,2023-03-25,21123,2542,2507,15558,516,3197,17032,896,17956,631,668,1906
EUR,2023-03-26,23975,2454,2554,18451,516,3201,19822,954,20545,576,665,2296
EUR,2023-03-27,23678,2094,2191,18881,512,2993,19021,1665,18934,440,1011,3342
EUR,2023-03-28,25293,2376,2345,20050,522,3312,20166,1816,20099,480,1316,3463
EUR,2023-03-29,26220,2381,2389,20918,532,3401,20797,2024,20595,461,1354,3894
EUR,2023-03-30,27119,2479,2467,21656,517,3406,21902,1812,21514,575,1323,3802
EUR,2023-03-31,27295,2572,2486,21712,525,3425,22365,1506,22227,597,1166,3352
EUR,2023-04-01,24258,2681,2601,18451,525,3402,19984,874,20698,722,658,2208
EUR,2023-04-02,25230,2623,2711,19342,554,3413,20866,953,21763,629,651,2279
EUR,2023-04-03,27139,2447,2444,21707,541,3337,22032,1771,22187,475,1030,3526
EUR,2023-04-04,26356,2456,2504,20863,533,3365,21102,1891,21054,549,1286,3566
EUR,2023-04-05,27211,2446,2412,21836,517,3433,21783,1996,21593,554,1279,3848
EUR,2023-04-06,27295,2502,2500,21770,523,3393,22022,1882,21736,627,1190,3800
EUR,2023-04-07,26390,2575,2540,20730,545,3354,21600,1437,22127,581,832,2920
EUR,2023-04-08,23888,2630,2579,18149,530,3326,19687,876,20777,766,538,1852
EUR,2023-04-09,25097,2596,2646,19291,564,3334,21109,655,22430,632,496,1624
EUR,2023-04-10,26521,2385,2481,21120,535,3156,21944,1422,22496,502,557,3029
EUR,2023-04-11,26810,2409,2455,21445,501,3328,21696,1788,21726,439,1174,3515
EUR,2023-04-12,26834,2446,2392,21449,547,3390,21841,1605,21738,550,1271,3319
EUR,2023-04-13,27860,2549,2561,22198,552,3426,22794,1641,22547,649,1345,3408
EUR,2023-04-14,28853,2623,2631,23061,538,3465,23646,1744,23554,641,1146,3573
EUR,2023-04-15,25057,2722,2687,19132,516,3407,20624,1027,21373,818,637,2291
EUR,2023-04-16,26560,2629,2710,20663,558,3386,22124,1051,22880,667,634,2459
EUR,2023-04-17,28173,2452,2537,22667,517,3351,23116,1707,23198,545,1010,3501
EUR,2023-04-18,27695,2480,2503,22200,512,3358,22427,1912,22145,540,1277,3791
EUR,2023-04-19,28243,2565,2575,22555,548,3422,22825,1998,22529,557,1278,3961
EUR,2023-04-20,28884,2723,2685,22915,561,3524,23375,1986,23026,684,1329,3923
EUR,2023-04-21,29160,2674,2685,23219,582,3556,23459,2146,23169,719,1138,4173
EUR,2023-04-22,25533,2817,2733,19444,539,3418,20841,1275,21516,843,599,2610
EUR,2023-04-23,27574,2826,2865,21300,583,3451,22932,1192,23479,809,631,2763
EUR,2023-04-24,28508,2642,2713,22589,564,3465,23482,1563,23405,610,1032,3534
EUR,2023-04-25,27741,2637,2650,21880,574,3453,22477,1812,22375,543,1222,3655
EUR,2023-04-26,28584,2651,2627,22708,598,3515,23005,2066,22705,634,1279,4024
EUR,2023-04-27,29804,2799,2764,23657,584,3548,24124,2133,23516,743,1348,4290
EUR,2023-04-28,30459,2765,2809,24293,592,3580,24832,2049,24131,839,1213,4320
EUR,2023-04-29,25942,2883,2793,19700,566,3481,21256,1206,21796,960,648,2573
EUR,2023-04-30,27123,2800,2869,20848,606,3471,22533,1120,23398,864,544,2421
EUR,2023-05-01,26827,2604,2668,20967,588,3325,22247,1256,22734,643,548,2949
EUR,2023-05-02,28251,2632,2635,22422,562,3461,23103,1688,23008,573,1097,3637
EUR,2023-05-03,28871,2649,2666,22951,605,3490,23405,1977,23164,603,1257,3910
EUR,2023-05-04,30143,2743,2771,24058,571,3546,24463,2135,24020,740,1266,4196
EUR,2023-05-05,30237,2732,2719,24200,586,3538,24922,1779,24562,836,1137,3740
EUR,2023-05-06,26289,2844,2777,20121,547,3490,21728,1073,22345,957,610,2403
EUR,2023-05-07,28094,2844,2899,21758,593,3535,23433,1127,24043,867,616,2657
EUR,2023-05-08,29310,2687,2759,23277,587,3461,24258,1592,24159,688,889,3637
EUR,2023-05-09,28829,2633,2657,22974,565,3492,23387,1951,23180,573,1250,3881
EUR,2023-05-10,29259,2632,2659,23395,573,3586,23893,1781,23486,674,1288,3856
EUR,2023-05-11,30163,2760,2731,24113,559,3585,24553,2027,24045,802,1322,4066
EUR,2023-05-12,30843,2732,2728,24817,566,3683,25141,2021,24837,838,1182,4013
EUR,2023-05-13,26809,2799,2733,20736,541,3524,22104,1183,22626,1031,643,2547
EUR,2023-05-14,28533,2790,2866,22308,569,3553,23822,1160,24264,938,663,2736
EUR,2023-05-15,29831,2669,2699,23906,557,3538,24516,1778,24414,727,1049,3688
EUR,2023-05-16,28934,2650,2644,23115,525,3520,23588,1828,23217,620,1264,3877
EUR,2023-05-17,29541,2672,2683,23612,574,3621,23788,2133,23098,780,1233,4485
EUR,2023-05-18,29127,2751,2777,23075,524,3520,23801,1807,23546,856,1103,3692
EUR,2023-05-19,28706,2653,2683,22797,573,3597,23569,1541,23432,893,1087,3339
EUR,2023-05-20,26827,2787,2770,20751,519,3511,22170,1148,22621,1093,624,2518
EUR,2023-05-21,29606,2842,2918,23281,565,3610,24471,1526,24351,1117,657,3561
EUR,2023-05-22,30268,2679,2668,24378,543,3515,24855,1899,24482,813,1022,4001
EUR,2023-05-23,29609,2702,2714,23653,540,3547,24025,2039,23527,725,1267,4126
EUR,2023-05-24,30275,2720,2766,24237,552,3587,24601,2088,23837,852,1277,4372
EUR,2023-05-25,31200,2770,2810,25078,542,3624,25266,2312,24349,945,1326,4641
EUR,2023-05-26,32072,2776,2783,25966,547,3711,26023,2340,24967,1115,1185,4847
EUR,2023-05-27,28200,2873,2805,21990,532,3609,23258,1335,23242,1301,618,3062
EUR,2023-05-28,28800,2877,2889,22449,585,3566,24140,1096,24554,1164,578,2573
EUR,2023-05-29,30313,2754,2764,24237,558,3498,25045,1771,24543,947,820,4092
EUR,2023-05-30,30355,2765,2784,24274,532,3604,24690,2063,23980,914,1210,4310
EUR,2023-05-31,30856,2784,2766,24735,571,3663,25104,2091,24379,930,1273,4340
EUR,2023-06-01,32212,2967,2971,25688,586,3791,26236,2187,25251,1150,1277,4540
EUR,2023-06-02,32233,2925,2958,25765,585,3749,26439,2044,25795,1151,1088,4197
EUR,2023-06-03,28765,2988,3003,22190,584,3743,23794,1226,23753,1416,633,2950
EUR,2023-06-04,30286,3047,3036,23582,621,3707,25068,1513,24728,1330,622,3644
EUR,2023-06-05,31656,2875,2923,25251,607,3709,26013,1935,25475,1061,971,4168
EUR,2023-06-06,29858,2827,2854,23583,594,3660,24339,1861,23799,982,1182,3902
EUR,2023-06-07,31905,2919,2913,25438,635,3787,25850,2270,24921,1119,1278,4593
EUR,2023-06-08,32185,3011,3044,25512,618,3796,26407,1984,25396,1219,1264,4333
EUR,2023-06-09,32737,2971,3038,26080,648,3877,26940,1921,26031,1257,1140,4311
EUR,2023-06-10,29271,2999,3000,22677,595,3737,24186,1347,24049,1466,612,3135
EUR,2023-06-11,31426,3111,3061,24608,646,3749,26087,1592,25346,1468,613,4035
EUR,2023-06-12,32106,2959,2975,25537,635,3733,26443,1931,25529,1172,1006,4419
EUR,2023-06-13,31523,2947,2979,24989,608,3775,25718,2031,24835,1138,1249,4319
EUR,2023-06-14,32155,2946,2977,25575,657,3805,26234,2117,25186,1209,1298,4501
EUR,2023-06-15,33499,3145,3093,26630,631,3892,27183,2425,25829,1328,1329,5068
EUR,2023-06-16,33909,3069,3148,27043,649,3923,27674,2313,26548,1360,1165,4844
EUR,2023-06-17,29706,3089,3043,22944,630,3767,24621,1317,24527,1489,624,3057
EUR,2023-06-18,31139,3119,3126,24260,634,3780,25930,1431,25554,1501,624,3489
EUR,2023-06-19,32943,3020,3105,26195,623,3782,26984,2178,26009,1258,1033,4668
EUR,2023-06-20,31559,3060,3042,24861,596,3817,25741,2002,24719,1204,1233,4408
EUR,2023-06-21,32810,3047,3046,26077,640,3907,26766,2138,25607,1310,1299,4629
EUR,2023-06-22,33121,3180,3191,26122,628,3896,27151,2076,25753,1413,1262,4720
EUR,2023-06-23,33669,3168,3159,26711,631,3971,27506,2193,26354,1383,1138,4799
EUR,2023-06-24,30163,3195,3137,23255,576,3807,25042,1313,24798,1512,630,3213
EUR,2023-06-25,32070,3291,3272,24896,611,3872,26729,1470,26259,1487,632,3741
EUR,2023-06-26,33443,3142,3167,26531,603,3824,27511,2110,26515,1288,1005,4657
EUR,2023-06-27,32813,3140,3182,25908,583,3848,26837,2130,25756,1273,1262,4564
EUR,2023-06-28,33026,3145,3142,26137,602,3881,26995,2152,25873,1360,1233,4587
EUR,2023-06-29,33611,3231,3231,26572,577,3943,27466,2203,26203,1372,1324,4728
EUR,2023-06-30,34031,3208,3223,27003,597,3994,27905,2134,26696,1398,1156,4788
EUR,2023-07-01,31219,3260,3227,24156,576,3872,25903,1442,25455,1572,601,3563
EUR,2023-07-02,32732,3336,3316,25467,613,3922,27280,1532,26721,1561,638,3835
EUR,2023-07-03,33613,3229,3259,26500,625,3861,27720,2033,26918,1373,992,4345
EUR,2023-07-04,32586,3204,3195,25554,633,3840,26849,1898,25960,1320,1235,4087
EUR,2023-07-05,32829,3235,3218,25727,649,3941,26937,1953,25860,1395,1277,4319
EUR,2023-07-06,34137,3325,3326,26827,659,4016,27909,2213,26589,1414,1306,4838
EUR,2023-07-07,34642,3267,3280,27421,674,4057,28353,2230,27179,1467,1182,4808
EUR,2023-07-08,31025,3283,3202,23901,639,3905,25762,1356,25422,1574,634,3367
EUR,2023-07-09,32422,3319,3335,25105,663,3965,27040,1418,26763,1511,658,3509
EUR,2023-07-10,33624,3204,3263,26518,639,3904,27758,1963,26857,1346,1042,4411
EUR,2023-07-11,32550,3225,3211,25464,650,3939,26714,1898,25757,1367,1239,4189
EUR,2023-07-12,33172,3266,3249,26008,649,3994,27117,2062,25967,1437,1270,4529
EUR,2023-07-13,33907,3374,3342,26548,643,4061,27678,2170,26411,1479,1314,4715
EUR,2023-07-14,34019,3279,3302,26770,668,4072,28038,1907,27099,1497,1149,4267
EUR,2023-07-15,30215,3280,3207,23071,657,3943,24953,1317,24568,1627,630,3369
EUR,2023-07-16,32597,3367,3350,25227,653,3929,27211,1459,26744,1557,611,3729
EUR,2023-07-17,33516,3245,3307,26331,633,3917,27650,1950,26651,1377,1039,4467
EUR,2023-07-18,32776,3224,3206,25711,635,3947,26764,2066,25927,1360,1237,4253
EUR,2023-07-19,33101,3267,3232,25967,635,3987,27043,2070,26124,1460,1284,4230
EUR,2023-07-20,33994,3347,3393,26614,640,4022,27768,2205,26706,1375,1317,4615
EUR,2023-07-21,33920,3246,3253,26776,645,4073,27829,2019,27109,1465,1137,4217
EUR,2023-07-22,31152,3275,3229,24027,621,3937,25832,1382,25583,1593,640,3301
EUR,2023-07-23,32419,3306,3337,25155,621,3980,26988,1453,26830,1546,608,3463
EUR,2023-07-24,32918,3220,3252,25842,604,3907,27288,1724,26605,1385,985,3962
EUR,2023-07-25,32315,3238,3235,25219,623,3960,26596,1760,25778,1382,1203,3955
EUR,2023-07-26,33001,3271,3216,25878,636,3935,27196,1872,26166,1460,1240,4162
EUR,2023-07-27,33611,3339,3348,26305,619,3999,27707,1906,26627,1413,1267,4323
EUR,2023-07-28,33971,3234,3237,26883,617,4026,27926,2021,27124,1476,1127,4250
EUR,2023-07-29,31027,3266,3226,23926,609,3887,25752,1387,25466,1621,612,3296
EUR,2023-07-30,32477,3337,3343,25153,644,3938,27185,1356,26834,1599,615,3455
EUR,2023-07-31,33159,3223,3258,26052,626,3879,27523,1759,26797,1383,971,4044
EUR,2023-08-01,32479,3295,3289,25281,614,3998,26906,1577,26224,1331,1186,3766
EUR,2023-08-02,32616,3300,3227,25463,626,3972,26996,1650,26208,1483,1196,3735
EUR,2023-08-03,33150,3368,3373,25805,604,4021,27424,1706,26771,1411,1227,3766
EUR,2023-08-04,33616,3278,3305,26415,618,4057,27826,1732,27296,1461,1084,3767
EUR,2023-08-05,31193,3292,3222,24074,605,3925,25938,1328,25867,1569,566,3162
EUR,2023-08-06,32144,3317,3328,24859,640,3959,27024,1163,26986,1601,607,2973
EUR,2023-08-07,33049,3248,3293,25915,593,3898,27470,1683,26978,1405,923,3754
EUR,2023-08-08,31998,3233,3205,24962,598,3930,26412,1657,26088,1359,1125,3427
EUR,2023-08-09,32663,3236,3253,25560,614,3977,26817,1871,26272,1483,1158,3763
EUR,2023-08-10,33283,3338,3342,26008,595,4001,27289,1994,26686,1409,1205,4017
EUR,2023-08-11,33778,3302,3278,26587,611,4094,27787,1895,27368,1473,1089,3842
EUR,2023-08-12,31121,3283,3221,24014,603,3869,25866,1384,25919,1525,566,3099
EUR,2023-08-13,32221,3313,3359,24946,603,3924,26980,1318,27062,1579,609,3001
EUR,2023-08-14,32258,3178,3220,25241,619,3840,26900,1519,26774,1283,899,3312
EUR,2023-08-15,31545,3268,3245,24423,609,3845,26241,1460,25976,1341,927,3320
EUR,2023-08-16,32264,3229,3217,25175,643,3915,26726,1625,26134,1452,1117,3598
EUR,2023-08-17,32924,3365,3357,25574,628,3997,27217,1712,26591,1394,1176,3785
EUR,2023-08-18,33541,3257,3287,26354,643,4030,27752,1758,27291,1459,1068,3713
EUR,2023-08-19,30944,3294,3267,23787,596,3885,25778,1280,25786,1604,553,2977
EUR,2023-08-20,32589,3371,3399,25183,636,3926,27223,1442,27081,1580,566,3420
EUR,2023-08-21,33300,3237,3300,26156,607,3857,27555,1889,27148,1292,924,3944
EUR,2023-08-22,32629,3268,3246,25493,622,3932,26816,1882,26269,1304,1160,3905
EUR,2023-08-23,33123,3259,3280,25943,641,3979,27179,1966,26416,1456,1174,4107
EUR,2023-08-24,33345,3360,3385,25973,627,3986,27346,2015,26458,1404,1175,4330
EUR,2023-08-25,33688,3270,3298,26477,643,4038,27862,1786,27188,1481,1109,3898
EUR,2023-08-26,30613,3343,3246,23426,598,3912,25511,1189,25622,1566,595,2814
EUR,2023-08-27,31928,3365,3354,24567,642,3927,26732,1271,26618,1578,588,3158
EUR,2023-08-28,31300,3195,3276,24212,617,3855,25769,1677,25408,1311,915,3676
EUR,2023-08-29,33127,3229,3227,26043,628,3929,27298,1899,26346,1389,1176,4208
EUR,2023-08-30,33636,3282,3275,26438,641,4031,27567,2037,26746,1459,1215,4212
EUR,2023-08-31,34116,3290,3328,26862,636,3971,28121,2026,27040,1471,1230,4381
EUR,2023-09-01,34290,3222,3247,27210,611,4052,28217,2023,27483,1468,1093,4252
EUR,2023-09-02,30549,3255,3176,23530,588,3838,25433,1279,25508,1562,550,2939
EUR,2023-09-03,32537,3244,3302,25382,609,3883,27248,1408,26894,1570,608,3508
EUR,2023-09-04,33248,3144,3171,26323,610,3854,27555,1841,26985,1295,975,4034
EUR,2023-09-05,32325,3162,3120,25443,600,3878,26586,1862,26110,1240,1218,3790
EUR,2023-09-06,32797,3116,3128,25927,626,3881,27036,1881,26280,1319,1229,3994
EUR,2023-09-07,33737,3211,3233,26662,631,3948,27738,2053,26798,1393,1253,4329
EUR,2023-09-08,33460,3120,3070,26656,614,3967,27483,2011,26857,1447,1137,4044
EUR,2023-09-09,30014,3178,3081,23162,593,3830,24892,1293,25063,1515,617,2852
EUR,2023-09-10,32165,3187,3247,25099,632,3858,26897,1412,26731,1526,601,3365
EUR,2023-09-11,32985,3056,3102,26226,601,3814,27387,1786,26842,1242,991,3956
EUR,2023-09-12,32196,3068,3110,25389,629,3869,26507,1822,25923,1196,1196,3910
EUR,2023-09-13,32714,3104,3077,25909,624,3896,26900,1920,26032,1298,1251,4189
EUR,2023-09-14,33549,3173,3192,26555,629,3920,27560,2071,26616,1291,1258,4422
EUR,2023-09-15,33839,3068,3097,27055,619,3973,27817,2051,27044,1330,1118,4370
EUR,2023-09-16,29512,3107,3038,22773,594,3799,24590,1122,24823,1458,583,2629
EUR,2023-09-17,31603,3114,3098,24781,610,3832,26323,1450,26120,1451,618,3442
EUR,2023-09-18,32470,3066,3112,25689,603,3816,27025,1630,26530,1194,993,3815
EUR,2023-09-19,31834,3032,3066,25132,604,3836,26094,1906,25501,1175,1220,3979
EUR,2023-09-20,32540,3046,3014,25846,634,3856,26640,2046,25770,1266,1253,4294
EUR,2023-09-21,33081,3100,3125,26230,626,3872,27243,1967,26268,1318,1250,4299
EUR,2023-09-22,33536,3074,3091,26739,632,3967,27574,1996,26881,1326,1153,4193
EUR,2023-09-23,29190,3073,3045,22480,592,3778,24284,1130,24616,1420,599,2567
EUR,2023-09-24,31116,2982,3034,24516,584,3780,26010,1324,25965,1353,609,3177
EUR,2023-09-25,32119,2820,2802,25943,554,3721,26512,1885,26089,1028,1005,3967
EUR,2023-09-26,31905,3058,3047,25189,611,3817,26042,2048,25480,1048,1228,4207
EUR,2023-09-27,32344,3022,3032,25673,617,3853,26345,2148,25503,1172,1270,4456
EUR,2023-09-28,33157,3087,3122,26347,601,3895,27100,2164,26230,1165,1276,4545
EUR,2023-09-29,33264,3085,3088,26477,614,3957,27199,2110,26291,1263,1143,4595
EUR,2023-09-30,29383,3157,3070,22576,580,3849,24361,1173,24508,1409,635,2831
EUR,2023-10-01,30986,3092,3130,24147,617,3826,25886,1275,25840,1237,652,3319
EUR,2023-10-02,31708,2991,3020,25102,595,3784,26129,1796,25819,1005,1002,3921
EUR,2023-10-03,30786,2996,2993,24207,590,3776,25117,1894,24798,855,1178,4017
EUR,2023-10-04,31352,2978,2925,24854,595,3793,25609,1951,25060,1013,1266,4044
EUR,2023-10-05,32148,3027,3041,25480,600,3834,26302,2013,25640,1083,1264,4223
EUR,2023-10-06,32684,3038,2973,26079,594,3816,26924,1946,26304,1183,1126,4112
EUR,2023-10-07,28426,3000,3030,21833,563,3713,23568,1147,23916,1307,590,2650
EUR,2023-10-08,30265,2988,2995,23708,574,3725,25309,1232,25488,1169,633,3030
EUR,2023-10-09,31114,2856,2882,24816,560,3667,25674,1774,25531,866,1000,3764
EUR,2023-10-10,30152,2869,2910,23783,590,3697,24573,1884,24317,801,1194,3862
EUR,2023-10-11,30559,2863,2850,24256,590,3769,24813,1978,24389,852,1259,4094
EUR,2023-10-12,31506,2932,2918,25085,571,3766,25749,1992,25131,956,1240,4211
EUR,2023-10-13,31162,2899,2889,24796,578,3884,25597,1682,25158,1035,1142,3890
EUR,2023-10-14,27844,2984,2902,21392,566,3753,23053,1039,23507,1218,619,2518
EUR,2023-10-15,29783,2940,3004,23249,590,3797,24898,1090,25242,1071,671,2835
EUR,2023-10-16,31115,2828,2891,24839,557,3798,25564,1754,25418,874,1051,3780
EUR,2023-10-17,29637,2790,2798,23480,569,3695,24233,1710,24070,759,1214,3619
EUR,2023-10-18,29966,2799,2770,23825,572,3814,24409,1745,24087,770,1285,3836
EUR,2023-10-19,30480,2879,2831,24228,542,3812,24947,1723,24597,842,1296,3756
EUR,2023-10-20,30457,2858,2848,24183,568,3856,25199,1404,25012,889,1138,3445
EUR,2023-10-21,27410,2903,2885,21057,565,3705,22769,937,23349,1028,649,2386
EUR,2023-10-22,29250,2877,2883,22913,577,3767,24447,1035,24996,944,666,2627
EUR,2023-10-23,29982,2750,2792,23901,539,3726,24771,1486,24893,741,1044,3312
EUR,2023-10-24,29217,2731,2711,23234,541,3685,23786,1746,23785,638,1232,3562
EUR,2023-10-25,29848,2759,2741,23788,560,3773,24308,1768,24125,701,1267,3756
EUR,2023-10-26,30442,2827,2788,24276,551,3776,24953,1714,24677,807,1263,3698
EUR,2023-10-27,31229,2882,2882,24893,572,3845,25840,1545,25540,905,1176,3618
EUR,2023-10-28,27203,2927,2871,20851,554,3723,22529,952,23146,1049,644,2369
EUR,2023-10-29,27361,2813,2842,21131,575,3510,22878,972,23087,959,649,2657
EUR,2023-10-30,27644,2639,2659,21815,531,3428,22849,1366,22957,701,990,2995
EUR,2023-10-31,25992,2588,2583,20277,544,3507,20990,1496,21057,626,1181,3133
EUR,2023-11-01,25006,2568,2607,19276,555,3395,20380,1230,20608,557,1054,2782
EUR,2023-11-02,25173,2676,2611,19346,540,3485,20801,887,20855,622,1223,2473
EUR,2023-11-03,27876,2808,2772,21748,548,3588,22904,1386,22993,698,1172,3019
EUR,2023-11-04,23618,2847,2817,17388,566,3456,19440,721,20242,838,616,1904
EUR,2023-11-05,26117,2820,2911,19793,593,3504,21781,832,22286,738,672,2421
EUR,2023-11-06,27116,2604,2641,21304,567,3480,22101,1534,22205,569,1002,3332
EUR,2023-11-07,24091,2534,2528,18468,561,3501,18887,1702,18881,431,1234,3543
EUR,2023-11-08,24719,2546,2513,19101,559,3508,19357,1856,19231,501,1279,3714
EUR,2023-11-09,25495,2584,2555,19810,546,3504,20339,1651,20145,513,1292,3543
EUR,2023-11-10,27119,2718,2699,21162,540,3539,22127,1451,22250,527,1164,3167
EUR,2023-11-11,21839,2696,2691,15922,530,3374,17642,822,18755,571,626,1869
EUR,2023-11-12,24739,2743,2735,18691,570,3455,20459,824,21401,484,653,2185
EUR,2023-11-13,25709,2510,2548,20141,510,3363,21029,1318,21298,419,984,3013
EUR,2023-11-14,23449,2429,2453,18043,524,3434,18443,1571,18457,407,1236,3340
EUR,2023-11-15,24224,2504,2510,18678,532,3459,19084,1679,18911,452,1297,3536
EUR,2023-11-16,25329,2566,2504,19730,529,3498,20142,1691,19986,482,1290,3578
EUR,2023-11-17,27092,2659,2658,21225,550,3551,22034,1509,22063,490,1184,3362
EUR,2023-11-18,21548,2744,2706,15548,550,3446,17277,824,18488,493,644,1920
EUR,2023-11-19,24210,2653,2709,18287,561,3421,19983,805,20950,476,678,2105
EUR,2023-11-20,25412,2472,2496,19924,520,3428,20596,1390,20835,428,1017,3161
EUR,2023-11-21,23045,2436,2391,17684,534,3435,18133,1476,18217,394,1260,3165
EUR,2023-11-22,23659,2399,2393,18341,526,3431,18551,1678,18528,425,1300,3408
EUR,2023-11-23,24846,2436,2470,19417,523,3457,19609,1781,19660,491,1306,3409
EUR,2023-11-24,25918,2538,2490,20371,519,3416,21081,1422,21384,477,1164,2895
EUR,2023-11-25,21363,2692,2635,15510,526,3415,17160,786,18335,560,643,1819
EUR,2023-11-26,24338,2680,2695,18411,552,3417,20112,811,21078,451,677,2145
EUR,2023-11-27,25505,2448,2561,19969,527,3383,20826,1296,21043,415,1051,2996
EUR,2023-11-28,22709,2396,2404,17356,553,3446,17861,1401,17942,400,1239,3109
EUR,2023-11-29,23764,2450,2442,18317,555,3530,18681,1552,18626,430,1348,3359
EUR,2023-11-30,24625,2564,2532,18981,548,3545,19643,1438,19499,471,1354,3348
EUR,2023-12-01,26016,2651,2617,20211,537,3544,21164,1310,21363,497,1217,3056
EUR,2023-12-02,20138,2583,2612,14401,542,3366,16129,644,17478,510,678,1592
EUR,2023-12-03,23552,2590,2627,17777,558,3359,19392,802,20375,422,681,2182
EUR,2023-12-04,24677,2444,2448,19279,506,3349,20133,1197,20481,405,1029,2891
EUR,2023-12-05,22526,2314,2318,17358,536,3385,17704,1438,17804,401,1288,3158
EUR,2023-12-06,23362,2429,2384,18003,546,3451,18494,1419,18589,434,1288,3183
EUR,2023-12-07,24341,2517,2470,18809,545,3548,19307,1487,19387,458,1344,3287
EUR,2023-12-08,25787,2589,2569,20103,526,3487,21036,1265,21355,516,1137,2895
EUR,2023-12-09,21406,2698,2666,15504,538,3459,17312,637,18604,517,674,1718
EUR,2023-12-10,24579,2611,2674,18738,556,3432,20337,812,21284,510,698,2209
EUR,2023-12-11,25635,2432,2476,20205,522,3427,20768,1441,21158,423,1049,3145
EUR,2023-12-12,23336,2419,2422,17958,537,3518,18332,1487,18575,413,1286,3203
EUR,2023-12-13,24108,2486,2459,18614,549,3510,19145,1455,19135,478,1324,3317
EUR,2023-12-14,25310,2602,2546,19608,554,3615,20213,1483,20202,522,1360,3388
EUR,2023-12-15,27645,2677,2645,21766,557,3619,22414,1614,22431,563,1250,3545
EUR,2023-12-16,23007,2750,2719,16970,568,3495,18557,956,19674,546,683,2240
EUR,2023-12-17,24858,2655,2724,18905,574,3512,20444,904,21668,449,677,2197
EUR,2023-12-18,26053,2507,2540,20475,531,3468,21061,1526,21599,374,1060,3179
EUR,2023-12-19,25209,2564,2539,19555,551,3608,19950,1652,20193,434,1267,3450
EUR,2023-12-20,26015,2611,2634,20192,578,3665,20943,1408,21070,489,1385,3235
EUR,2023-12-21,25850,2767,2681,19812,590,3637,20969,1246,21275,554,1327,2840
EUR,2023-12-22,27296,2807,2797,21128,564,3682,22590,1025,22993,616,1206,2621
EUR,2023-12-23,24117,2849,2796,17886,586,3470,19926,723,20825,682,607,2101
EUR,2023-12-24,19817,2555,2667,13998,597,3335,16146,337,17932,436,484,1066
EUR,2023-12-25,15192,2283,2290,10059,560,2991,11913,289,13684,312,395,909
EUR,2023-12-26,21935,2544,2431,16373,587,3160,18061,715,19200,401,540,1918
EUR,2023-12-27,24372,2621,2574,18555,622,3443,19916,1015,20471,438,1054,2562
EUR,2023-12-28,25096,2718,2675,19078,625,3463,20697,938,21173,519,1141,2410
EUR,2023-12-29,26119,2744,2754,20023,598,3493,21811,817,22527,565,1062,2092
EUR,2023-12-30,23245,2776,2699,17132,638,3390,19127,730,20465,620,545,1728
EUR,2023-12-31,20339,2418,2555,14784,582,3232,16770,338,18908,336,376,828
