DATE,DLY_FLTS,MVTS_NORM_ROLLAVG
2019-01-01,4068,NA
2019-01-02,5783,NA
2019-01-03,5853,NA
2019-01-04,5730,5237.428571428572
2019-01-05,4966,5470
2019-01-06,4783,5481.714285714285
2019-01-07,5479,5485.285714285715
2019-01-08,5696,5501.428571428572
2019-01-09,5865,5508.571428571428
2019-01-10,5878,5506.857142857143
2019-01-11,5843,5535.714285714285
2019-01-12,5016,5578
2019-01-13,4771,5575.857142857143
2019-01-14,5681,5589
2019-01-15,5992,5605.142857142857
2019-01-16,5850,5613.285714285715
2019-01-17,5970,5614.571428571428
2019-01-18,5956,5627
2019-01-19,5073,5640.714285714285
2019-01-20,4780,5667.857142857143
2019-01-21,5768,5701.285714285715
2019-01-22,6088,5691.142857142857
2019-01-23,6040,5692
2019-01-24,6204,5727.285714285715
2019-01-25,5885,5750.428571428572
2019-01-26,5079,5738.428571428572
2019-01-27,5027,5741.285714285715
2019-01-28,5930,5720.142857142857
2019-01-29,6004,5745.571428571428
2019-01-30,6060,5715.142857142857
2019-01-31,6056,5660.857142857143
2019-02-01,6063,5607
2019-02-02,4866,5562.857142857143
2019-02-03,4647,5497.142857142857
2019-02-04,5553,5471.428571428572
2019-02-05,5695,5441
2019-02-06,5600,5429.571428571428
2019-02-07,5876,5393
2019-02-08,5850,5419.714285714285
2019-02-09,4786,5424.857142857143
2019-02-10,4391,5432.857142857143
2019-02-11,5740,5449.142857142857
2019-02-12,5731,5410.142857142857
2019-02-13,5656,5368.857142857143
2019-02-14,5990,5308.571428571428
2019-02-15,5577,5300.428571428572
2019-02-16,4497,5320
2019-02-17,3969,5341.571428571428
2019-02-18,5683,5344.857142857143
2019-02-19,5868,5389.142857142857
2019-02-20,5807,5444.714285714285
2019-02-21,6013,5495.714285714285
2019-02-22,5887,5473.285714285715
2019-02-23,4886,5432.857142857143
2019-02-24,4326,5454.571428571428
2019-02-25,5526,5437.428571428572
2019-02-26,5585,5471.142857142857
2019-02-27,5959,5532
2019-02-28,5893,5396.857142857143
2019-03-01,6123,5092.714285714285
2019-03-02,5312,4862.857142857143
2019-03-03,3380,4828.428571428572
2019-03-04,3397,4808.142857142857
2019-03-05,3976,4726.428571428572
2019-03-06,5718,4645.142857142857
2019-03-07,5751,4807.428571428572
2019-03-08,5551,5132.571428571428
2019-03-09,4743,5387
2019-03-10,4516,5413.571428571428
2019-03-11,5673,5445.142857142857
2019-03-12,5757,5505.714285714285
2019-03-13,5904,5513.857142857143
2019-03-14,5972,5465.714285714285
2019-03-15,5975,5463.428571428572
2019-03-16,4800,5468.571428571428
2019-03-17,4179,5457.714285714285
2019-03-18,5657,5425
2019-03-19,5793,5411.857142857143
2019-03-20,5828,5427.142857142857
2019-03-21,5743,5457.571428571428
2019-03-22,5883,5473
2019-03-23,4907,5495.428571428572
2019-03-24,4392,5510.428571428572
2019-03-25,5765,5537.285714285715
2019-03-26,5950,5555.428571428572
2019-03-27,5933,5557.714285714285
2019-03-28,5931,5537
2019-03-29,6010,5512.428571428572
2019-03-30,4923,5480.571428571428
2019-03-31,4247,5469.571428571428
2019-04-01,5593,5474.285714285715
2019-04-02,5727,5443.714285714285
2019-04-03,5856,5383.571428571428
2019-04-04,5964,5345.142857142857
2019-04-05,5796,5313
2019-04-06,4502,5274.428571428572
2019-04-07,3978,5289.428571428572
2019-04-08,5368,5274.714285714285
2019-04-09,5457,5316.142857142857
2019-04-10,5961,5354.285714285715
2019-04-11,5861,5365
2019-04-12,6086,5406.571428571428
2019-04-13,4769,5428.285714285715
2019-04-14,4053,5415.857142857143
2019-04-15,5659,5432.142857142857
2019-04-16,5609,5225.428571428572
2019-04-17,5874,4986
2019-04-18,5975,5030.857142857143
2019-04-19,4639,5064.571428571428
2019-04-20,3093,5069.571428571428
2019-04-21,4367,5030.857142857143
2019-04-22,5895,4965.857142857143
2019-04-23,5644,5122
2019-04-24,5603,5317.285714285715
2019-04-25,5520,5218
2019-04-26,5732,5148.857142857143
2019-04-27,4460,5126.428571428572
2019-04-28,3672,4939.285714285715
2019-04-29,5411,4881.142857142857
2019-04-30,5487,4866.714285714285
2019-05-01,4293,4855.857142857143
2019-05-02,5113,4914.428571428572
2019-05-03,5631,4921.571428571428
2019-05-04,4384,4903.857142857143
2019-05-05,4082,5070.428571428572
2019-05-06,5461,5153.571428571428
2019-05-07,5363,5161.142857142857
2019-05-08,5459,5146.714285714285
2019-05-09,5695,5094.857142857143
2019-05-10,5684,5028.714285714285
2019-05-11,4283,5011.571428571428
2019-05-12,3719,4976.142857142857
2019-05-13,4998,4947.857142857143
2019-05-14,5243,4898.857142857143
2019-05-15,5211,4879.714285714285
2019-05-16,5497,4890
2019-05-17,5341,4917.142857142857
2019-05-18,4149,4937.571428571428
2019-05-19,3791,4972.857142857143
2019-05-20,5188,4978.285714285715
2019-05-21,5386,5008.142857142857
2019-05-22,5458,5050.142857142857
2019-05-23,5535,5083.857142857143
2019-05-24,5550,5118.285714285715
2019-05-25,4443,5103
2019-05-26,4027,5098.285714285715
2019-05-27,5429,5070.285714285715
2019-05-28,5279,5065
2019-05-29,5425,5029
2019-05-30,5339,4986.714285714285
2019-05-31,5513,4942.142857142857
2019-06-01,4191,4963.571428571428
2019-06-02,3731,4983.857142857143
2019-06-03,5117,5039.142857142857
2019-06-04,5429,5087
2019-06-05,5567,5132.142857142857
2019-06-06,5726,5189.428571428572
2019-06-07,5848,5235.142857142857
2019-06-08,4507,5222.571428571428
2019-06-09,4132,5218
2019-06-10,5437,5207.857142857143
2019-06-11,5341,5215.428571428572
2019-06-12,5535,5212.571428571428
2019-06-13,5655,5205.571428571428
2019-06-14,5901,5208.142857142857
2019-06-15,4487,5261.857142857143
2019-06-16,4083,5323.571428571428
2019-06-17,5455,5247.428571428572
2019-06-18,5717,4913.714285714285
2019-06-19,5967,4747
2019-06-20,5122,4793
2019-06-21,3565,4818
2019-06-22,3320,4791.285714285715
2019-06-23,4405,4728.285714285715
2019-06-24,5630,4831.714285714285
2019-06-25,5530,5182.142857142857
2019-06-26,5526,5365.285714285715
2019-06-27,5846,5329.142857142857
2019-06-28,6018,5348.857142857143
2019-06-29,4602,5374.142857142857
2019-06-30,4152,5415.714285714285
2019-07-01,5768,5387.714285714285
2019-07-02,5707,5337.285714285715
2019-07-03,5817,5380.285714285715
2019-07-04,5650,5404.571428571428
2019-07-05,5665,5389.714285714285
2019-07-06,4903,5386.285714285715
2019-07-07,4322,5370.142857142857
2019-07-08,5664,5394.142857142857
2019-07-09,5683,5436.571428571428
2019-07-10,5704,5429.428571428572
2019-07-11,5818,5439.714285714285
2019-07-12,5962,5435
2019-07-13,4853,5440.857142857143
2019-07-14,4394,5474.142857142857
2019-07-15,5631,5503.285714285715
2019-07-16,5724,5501.285714285715
2019-07-17,5937,5499.428571428572
2019-07-18,6022,5517.142857142857
2019-07-19,5948,5513.714285714285
2019-07-20,4840,5519.857142857143
2019-07-21,4518,5522.428571428572
2019-07-22,5607,5493.428571428572
2019-07-23,5767,5495
2019-07-24,5955,5502.142857142857
2019-07-25,5819,5496.142857142857
2019-07-26,5959,5509.857142857143
2019-07-27,4890,5532.714285714285
2019-07-28,4476,5538.714285714285
2019-07-29,5703,5540.142857142857
2019-07-30,5927,5504.428571428572
2019-07-31,5997,5434.571428571428
2019-08-01,5829,5382.714285714285
2019-08-02,5709,5345.428571428572
2019-08-03,4401,5312.428571428572
2019-08-04,4113,5260.714285714285
2019-08-05,5442,5280.857142857143
2019-08-06,5696,5327.857142857143
2019-08-07,5635,5390.571428571428
2019-08-08,5970,5407.285714285715
2019-08-09,6038,5399.714285714285
2019-08-10,4840,5390.714285714285
2019-08-11,4230,5398.714285714285
2019-08-12,5389,5397.285714285715
2019-08-13,5633,5416.571428571428
2019-08-14,5691,5400.428571428572
2019-08-15,5960,5422.428571428572
2019-08-16,6173,5427.285714285715
2019-08-17,4727,5406.142857142857
2019-08-18,4384,5405
2019-08-19,5423,5403.714285714285
2019-08-20,5485,5353.142857142857
2019-08-21,5683,5344.428571428572
2019-08-22,5951,5356.857142857143
2019-08-23,5819,5380.428571428572
2019-08-24,4666,5421.285714285715
2019-08-25,4471,5434
2019-08-26,5588,5436.714285714285
2019-08-27,5771,5454.142857142857
2019-08-28,5772,5438.571428571428
2019-08-29,5970,5394.142857142857
2019-08-30,5941,5378.285714285715
2019-08-31,4557,5340.714285714285
2019-09-01,4160,5317.428571428572
2019-09-02,5477,5280.571428571428
2019-09-03,5508,5247.571428571428
2019-09-04,5609,5280.714285714285
2019-09-05,5712,5315.857142857143
2019-09-06,5710,5344.571428571428
2019-09-07,4789,5388.714285714285
2019-09-08,4406,5420.857142857143
2019-09-09,5678,5448.857142857143
2019-09-10,5817,5473.428571428572
2019-09-11,5834,5443.571428571428
2019-09-12,5908,5449.714285714285
2019-09-13,5882,5439.142857142857
2019-09-14,4580,5425.428571428572
2019-09-15,4449,5436
2019-09-16,5604,5426.285714285715
2019-09-17,5721,5436.857142857143
2019-09-18,5908,5445.142857142857
2019-09-19,5840,5412.142857142857
2019-09-20,5956,5419.857142857143
2019-09-21,4638,5428.142857142857
2019-09-22,4218,5391
2019-09-23,5658,5389.285714285715
2019-09-24,5779,5411.857142857143
2019-09-25,5648,5444
2019-09-26,5828,5496.714285714285
2019-09-27,6114,5526.571428571428
2019-09-28,4863,5545.571428571428
2019-09-29,4587,5602.714285714285
2019-09-30,5867,5637.571428571428
2019-10-01,5912,5644.857142857143
2019-10-02,6048,5657.714285714285
2019-10-03,6072,5625.714285714285
2019-10-04,6165,5590.571428571428
2019-10-05,4953,5550.714285714285
2019-10-06,4363,5487
2019-10-07,5621,5486.142857142857
2019-10-08,5633,5498.428571428572
2019-10-09,5602,5507.857142857143
2019-10-10,6066,5526.714285714285
2019-10-11,6251,5535.571428571428
2019-10-12,5019,5544.142857142857
2019-10-13,4495,5565.142857142857
2019-10-14,5683,5539.428571428572
2019-10-15,5693,5502.857142857143
2019-10-16,5749,5481.285714285715
2019-10-17,5886,5461.571428571428
2019-10-18,5995,5437.285714285715
2019-10-19,4868,5450.714285714285
2019-10-20,4357,5470
2019-10-21,5513,5509
2019-10-22,5787,5541.857142857143
2019-10-23,5884,5530.857142857143
2019-10-24,6159,5532.285714285715
2019-10-25,6225,5551
2019-10-26,4791,5555.857142857143
2019-10-27,4367,5582
2019-10-28,5644,5559.142857142857
2019-10-29,5821,5547
2019-10-30,6067,5537.142857142857
2019-10-31,5999,5558.142857142857
2019-11-01,6140,5555.857142857143
2019-11-02,4722,5537
2019-11-03,4514,5530.285714285715
2019-11-04,5628,5535.571428571428
2019-11-05,5689,5489.142857142857
2019-11-06,6020,5495
2019-11-07,6036,5482.571428571428
2019-11-08,5815,5477.857142857143
2019-11-09,4763,5494.714285714285
2019-11-10,4427,5498
2019-11-11,5595,5508.142857142857
2019-11-12,5807,5462.142857142857
2019-11-13,6043,5377.571428571428
2019-11-14,6107,5455.714285714285
2019-11-15,5493,5460.714285714285
2019-11-16,4171,5427.571428571428
2019-11-17,4974,5395.571428571428
2019-11-18,5630,5402.714285714285
2019-11-19,5575,5465.714285714285
2019-11-20,5819,5577
2019-11-21,6157,5535.428571428572
2019-11-22,5934,5589.285714285715
2019-11-23,4950,5640.714285714285
2019-11-24,4683,5611.285714285715
2019-11-25,6007,5582
2019-11-26,5935,5628.285714285715
2019-11-27,5613,5668.285714285715
2019-11-28,5952,5669.857142857143
2019-11-29,6258,5659
2019-11-30,5230,5681
2019-12-01,4694,5755.428571428572
2019-12-02,5931,5760.714285714285
2019-12-03,6089,5751.714285714285
2019-12-04,6134,5760.428571428572
2019-12-05,5989,5771.428571428572
2019-12-06,6195,5769.142857142857
2019-12-07,5291,5739
2019-12-08,4771,5705.857142857143
2019-12-09,5915,5739.571428571428
2019-12-10,5878,5741.428571428572
2019-12-11,5902,5728.571428571428
2019-12-12,6225,5738.571428571428
2019-12-13,6208,5755.714285714285
2019-12-14,5201,5769
2019-12-15,4841,5801
2019-12-16,6035,5817.571428571428
2019-12-17,5971,5840.571428571428
2019-12-18,6126,5863
2019-12-19,6341,5862.428571428572
2019-12-20,6369,5795.714285714285
2019-12-21,5358,5638.571428571428
2019-12-22,4837,5301.571428571428
2019-12-23,5568,5248.428571428572
2019-12-24,4871,5187.714285714285
2019-12-25,3767,5206.428571428572
2019-12-26,5969,5184.857142857143
2019-12-27,5944,5165.142857142857
2019-12-28,5489,5138.285714285715
2019-12-29,4686,5137.571428571428
2019-12-30,5430,5053.142857142857
2019-12-31,4683,5016.714285714285
2020-01-01,3762,4956.428571428572
2020-01-02,5378,4995
2020-01-03,5689,5034.714285714285
2020-01-04,5067,5181.285714285715
2020-01-05,4956,5449
2020-01-06,5708,5520.428571428572
2020-01-07,5709,5553.857142857143
2020-01-08,5636,5547.142857142857
2020-01-09,5878,5521.857142857143
2020-01-10,5923,5505.714285714285
2020-01-11,5020,5536.285714285715
2020-01-12,4779,5581.142857142857
2020-01-13,5595,5580.571428571428
2020-01-14,5923,5557.428571428572
2020-01-15,5950,5567.571428571428
2020-01-16,5874,5559.714285714285
2020-01-17,5761,5591
2020-01-18,5091,5595.857142857143
2020-01-19,4724,5580.571428571428
2020-01-20,5814,5578.142857142857
2020-01-21,5957,5569.857142857143
2020-01-22,5843,5574.285714285715
2020-01-23,5857,5596.142857142857
2020-01-24,5703,5621
2020-01-25,5122,5625.142857142857
2020-01-26,4877,5670.714285714285
2020-01-27,5988,5691
2020-01-28,5986,5724.714285714285
2020-01-29,6162,5697.285714285715
2020-01-30,5999,5638.142857142857
2020-01-31,5939,5599.142857142857
2020-02-01,4930,5558.857142857143
2020-02-02,4463,5506.571428571428
2020-02-03,5715,5493.142857142857
2020-02-04,5704,5491.857142857143
2020-02-05,5796,5489
2020-02-06,5905,5514.285714285715
2020-02-07,5930,5442.857142857143
2020-02-08,4910,5421.714285714285
2020-02-09,4640,5434.428571428572
2020-02-10,5215,5469.428571428572
2020-02-11,5556,5497.714285714285
2020-02-12,5885,5502.285714285715
2020-02-13,6150,5513.714285714285
2020-02-14,6128,5636.857142857143
2020-02-15,4942,5697.857142857143
2020-02-16,4720,5723.857142857143
2020-02-17,6077,5751.714285714285
2020-02-18,5983,5766.714285714285
2020-02-19,6067,5791.142857142857
2020-02-20,6345,5611.857142857143
2020-02-21,6233,5276.571428571428
2020-02-22,5113,5026
2020-02-23,3465,4966.857142857143
2020-02-24,3730,4878
2020-02-25,4229,4785.428571428572
2020-02-26,5653,4725
2020-02-27,5723,4888.857142857143
2020-02-28,5585,5181.428571428572
2020-02-29,4690,5427.571428571428
2020-03-01,4612,5495.571428571428
2020-03-02,5778,5570.714285714285
2020-03-03,5952,5658.714285714285
2020-03-04,6129,5696.142857142857
2020-03-05,6249,5696.285714285715
2020-03-06,6201,5730.857142857143
2020-03-07,4952,5760.285714285715
2020-03-08,4613,5760.428571428572
2020-03-09,6020,5762
2020-03-10,6158,5765.142857142857
2020-03-11,6130,5752.714285714285
2020-03-12,6260,5723.142857142857
2020-03-13,6223,5630.714285714285
2020-03-14,4865,5470
2020-03-15,4406,5224.714285714285
2020-03-16,5373,4935.714285714285
2020-03-17,5033,4637.714285714285
2020-03-18,4413,4404.714285714285
2020-03-19,4237,4092.285714285714
2020-03-20,4137,3665.8571428571427
2020-03-21,3234,3216.714285714286
2020-03-22,2219,2810.5714285714284
2020-03-23,2388,2438.714285714286
2020-03-24,1889,2084.4285714285716
2020-03-25,1570,1751
2020-03-26,1634,1525.142857142857
2020-03-27,1657,1360.4285714285713
2020-03-28,900,1294.5714285714287
2020-03-29,638,1271.857142857143
2020-03-30,1235,1231
2020-03-31,1428,1193.857142857143
2020-04-01,1411,1184.5714285714287
2020-04-02,1348,1179.4285714285713
2020-04-03,1397,1192.2857142857142
2020-04-04,835,1178
2020-04-05,602,1190.4285714285713
2020-04-06,1325,1204
2020-04-07,1328,1114.7142857142858
2020-04-08,1498,1078.7142857142858
2020-04-09,1443,1069.142857142857
2020-04-10,772,1072.142857142857
2020-04-11,583,1071.5714285714287
2020-04-12,535,1062.857142857143
2020-04-13,1346,1069.5714285714287
2020-04-14,1324,1174
2020-04-15,1437,1210
2020-04-16,1490,1218
2020-04-17,1503,1211
2020-04-18,835,1186.4285714285713
2020-04-19,591,1199.5714285714287
2020-04-20,1297,1236.2857142857142
2020-04-21,1152,1276.7142857142858
2020-04-22,1529,1303.857142857143
2020-04-23,1747,1328.2857142857142
2020-04-24,1786,1376.857142857143
2020-04-25,1025,1477.142857142857
2020-04-26,762,1535.2857142857142
2020-04-27,1637,1587.5714285714287
2020-04-28,1854,1525.142857142857
2020-04-29,1936,1504.857142857143
2020-04-30,2113,1509.142857142857
2020-05-01,1349,1531.7142857142858
2020-05-02,883,1523.142857142857
2020-05-03,792,1515.7142857142858
2020-05-04,1795,1501.5714285714287
2020-05-05,1794,1593.2857142857142
2020-05-06,1884,1637.5714285714287
2020-05-07,2014,1639.2857142857142
2020-05-08,1991,1632.2857142857142
2020-05-09,1193,1649.5714285714287
2020-05-10,804,1635.7142857142858
2020-05-11,1746,1596.2857142857142
2020-05-12,1915,1539.142857142857
2020-05-13,1787,1530.142857142857
2020-05-14,1738,1542.7142857142858
2020-05-15,1591,1546.142857142857
2020-05-16,1130,1552.142857142857
2020-05-17,892,1584.2857142857142
2020-05-18,1770,1622.2857142857142
2020-05-19,1957,1651.4285714285713
2020-05-20,2012,1616.4285714285713
2020-05-21,2004,1604.7142857142858
2020-05-22,1795,1599
2020-05-23,885,1604
2020-05-24,810,1611.142857142857
2020-05-25,1730,1610.142857142857
2020-05-26,1992,1634.2857142857142
2020-05-27,2062,1691.5714285714287
2020-05-28,1997,1711.4285714285713
2020-05-29,1964,1719
2020-05-30,1286,1687.5714285714287
2020-05-31,949,1663.2857142857142
2020-06-01,1783,1656.2857142857142
2020-06-02,1772,1642.7142857142858
2020-06-03,1892,1623.857142857143
2020-06-04,1948,1630
2020-06-05,1869,1639.4285714285713
2020-06-06,1154,1654.5714285714287
2020-06-07,992,1677.2857142857142
2020-06-08,1849,1632.2857142857142
2020-06-09,1878,1574.2857142857142
2020-06-10,2051,1552.142857142857
2020-06-11,1633,1535.7142857142858
2020-06-12,1463,1545.4285714285713
2020-06-13,999,1547.142857142857
2020-06-14,877,1567.5714285714287
2020-06-15,1917,1641.2857142857142
2020-06-16,1890,1752.142857142857
2020-06-17,2194,1798.7142857142858
2020-06-18,2149,1846
2020-06-19,2239,1874.4285714285713
2020-06-20,1325,1918
2020-06-21,1208,1922
2020-06-22,2116,1923.4285714285713
2020-06-23,2195,1924.5714285714287
2020-06-24,2222,1896.857142857143
2020-06-25,2159,1885.142857142857
2020-06-26,2247,1880
2020-06-27,1131,1863.142857142857
2020-06-28,1126,1870.142857142857
2020-06-29,2080,1939.4285714285713
2020-06-30,2077,1994.142857142857
2020-07-01,2271,2037.142857142857
2020-07-02,2644,2059.8571428571427
2020-07-03,2630,2067.8571428571427
2020-07-04,1432,2091
2020-07-05,1285,2097.8571428571427
2020-07-06,2136,2065
2020-07-07,2239,2065
2020-07-08,2319,2058.8571428571427
2020-07-09,2414,2060.1428571428573
2020-07-10,2630,2101.714285714286
2020-07-11,1389,2083.5714285714284
2020-07-12,1294,2076.1428571428573
2020-07-13,2427,2072.714285714286
2020-07-14,2112,2095.5714285714284
2020-07-15,2267,2114.8571428571427
2020-07-16,2390,2122.5714285714284
2020-07-17,2790,2140.8571428571427
2020-07-18,1524,2205.8571428571427
2020-07-19,1348,2260.8571428571427
2020-07-20,2555,2328.714285714286
2020-07-21,2567,2353.5714285714284
2020-07-22,2652,2364
2020-07-23,2865,2374.8571428571427
2020-07-24,2964,2376.714285714286
2020-07-25,1597,2364.5714285714284
2020-07-26,1424,2355.714285714286
2020-07-27,2568,2324.5714285714284
2020-07-28,2482,2318.1428571428573
2020-07-29,2590,2329.5714285714284
2020-07-30,2647,2362.8571428571427
2020-07-31,2919,2412.1428571428573
2020-08-01,1677,2480
2020-08-02,1657,2548.1428571428573
2020-08-03,2913,2615.714285714286
2020-08-04,2957,2656.1428571428573
2020-08-05,3067,2657.285714285714
2020-08-06,3120,2642.5714285714284
2020-08-07,3202,2660.4285714285716
2020-08-08,1685,2649
2020-08-09,1554,2630.714285714286
2020-08-10,3038,2599.285714285714
2020-08-11,2877,2593.4285714285716
2020-08-12,2939,2610.5714285714284
2020-08-13,2900,2629
2020-08-14,3161,2556.714285714286
2020-08-15,1805,2527
2020-08-16,1683,2496.1428571428573
2020-08-17,2532,2449.4285714285716
2020-08-18,2669,2372.714285714286
2020-08-19,2723,2378.1428571428573
2020-08-20,2573,2378
2020-08-21,2624,2440.8571428571427
2020-08-22,1843,2510.714285714286
2020-08-23,1682,2575
2020-08-24,2972,2670.285714285714
2020-08-25,3158,2768
2020-08-26,3173,2802.5714285714284
2020-08-27,3240,2823.285714285714
2020-08-28,3308,2804.8571428571427
2020-08-29,2085,2792.8571428571427
2020-08-30,1827,2800
2020-08-31,2843,2844.5714285714284
2020-09-01,3074,2933.714285714286
2020-09-02,3223,2967.285714285714
2020-09-03,3552,2919.714285714286
2020-09-04,3932,2901.8571428571427
2020-09-05,2320,2920.714285714286
2020-09-06,1494,2910
2020-09-07,2718,2858
2020-09-08,3206,2770.1428571428573
2020-09-09,3148,2749.5714285714284
2020-09-10,3188,2833.714285714286
2020-09-11,3317,2915.714285714286
2020-09-12,2176,2918
2020-09-13,2083,2950.1428571428573
2020-09-14,3292,2972.5714285714284
2020-09-15,3222,3013
2020-09-16,3373,3016.4285714285716
2020-09-17,3345,2991.285714285714
2020-09-18,3600,2943
2020-09-19,2200,2904.4285714285716
2020-09-20,1907,2893.4285714285716
2020-09-21,2954,2926.1428571428573
2020-09-22,2952,2934.5714285714284
2020-09-23,3296,2937.285714285714
2020-09-24,3574,2960.714285714286
2020-09-25,3659,2989.1428571428573
2020-09-26,2219,3026
2020-09-27,2071,3044.4285714285716
2020-09-28,3153,3045.5714285714284
2020-09-29,3210,3050.5714285714284
2020-09-30,3425,3097.1428571428573
2020-10-01,3582,3093.714285714286
2020-10-02,3694,3145
2020-10-03,2545,3221.714285714286
2020-10-04,2047,3258.1428571428573
2020-10-05,3512,3305
2020-10-06,3747,3335.4285714285716
2020-10-07,3680,3402
2020-10-08,3910,3371
2020-10-09,3907,3324.285714285714
2020-10-10,3011,3363.5714285714284
2020-10-11,1830,3410.5714285714284
2020-10-12,3185,3383.714285714286
2020-10-13,4022,3404.714285714286
2020-10-14,4009,3400
2020-10-15,3722,3477
2020-10-16,4054,3572.8571428571427
2020-10-17,2978,3537
2020-10-18,2369,3517.285714285714
2020-10-19,3856,3547.1428571428573
2020-10-20,3771,3553.5714285714284
2020-10-21,3871,3509.1428571428573
2020-10-22,3931,3490
2020-10-23,4099,3464.5714285714284
2020-10-24,2667,3457.1428571428573
2020-10-25,2235,3472.5714285714284
2020-10-26,3678,3485.285714285714
2020-10-27,3719,3447
2020-10-28,3979,3468.5714285714284
2020-10-29,4020,3432.285714285714
2020-10-30,3831,3353.4285714285716
2020-10-31,2818,3427.1428571428573
2020-11-01,1981,3458.285714285714
2020-11-02,3126,3468.8571428571427
2020-11-03,4235,3556.4285714285716
2020-11-04,4197,3625.4285714285716
2020-11-05,4094,3724.285714285714
2020-11-06,4444,3820.714285714286
2020-11-07,3301,3788.1428571428573
2020-11-08,2673,3770.5714285714284
2020-11-09,3801,3768.714285714286
2020-11-10,4007,3757
2020-11-11,4074,3754
2020-11-12,4081,3741.8571428571427
2020-11-13,4362,3757.714285714286
2020-11-14,3280,3752.5714285714284
2020-11-15,2588,3734.8571428571427
2020-11-16,3912,3724.285714285714
2020-11-17,3971,3705
2020-11-18,3950,3691.5714285714284
2020-11-19,4007,3704.4285714285716
2020-11-20,4227,3748.4285714285716
2020-11-21,3186,3783.5714285714284
2020-11-22,2678,3826.285714285714
2020-11-23,4220,3883.4285714285716
2020-11-24,4217,3891.714285714286
2020-11-25,4249,3893.714285714286
2020-11-26,4407,3889.8571428571427
2020-11-27,4285,3847.1428571428573
2020-11-28,3200,3837.5714285714284
2020-11-29,2651,3831.8571428571427
2020-11-30,3921,3834.8571428571427
2020-12-01,4150,3865.1428571428573
2020-12-02,4209,3879.285714285714
2020-12-03,4428,3870
2020-12-04,4497,3873.8571428571427
2020-12-05,3299,3872.285714285714
2020-12-06,2586,3876.4285714285716
2020-12-07,3948,3886.1428571428573
2020-12-08,4139,3889.4285714285716
2020-12-09,4238,3934.5714285714284
2020-12-10,4496,3969.285714285714
2020-12-11,4520,4016.285714285714
2020-12-12,3615,4048
2020-12-13,2829,4079.714285714286
2020-12-14,4277,4101.428571428572
2020-12-15,4361,4143
2020-12-16,4460,4225.571428571428
2020-12-17,4648,4312.571428571428
2020-12-18,4811,4328
2020-12-19,4193,4355.428571428572
2020-12-20,3438,4383
2020-12-21,4385,4227.142857142857
2020-12-22,4553,3879.714285714286
2020-12-23,4653,3852.8571428571427
2020-12-24,3557,3859.714285714286
2020-12-25,2379,3830.714285714286
2020-12-26,4005,3802
2020-12-27,3486,3737.4285714285716
2020-12-28,4182,3685.714285714286
2020-12-29,4352,3654.285714285714
2020-12-30,4201,3576.285714285714
2020-12-31,3195,3598.8571428571427
2021-01-01,2159,3640.5714285714284
2021-01-02,3459,3663.714285714286
2021-01-03,3644,3697.714285714286
2021-01-04,4474,3869.285714285714
2021-01-05,4514,4208.285714285715
2021-01-06,4439,4274.428571428572
2021-01-07,4396,4246.285714285715
2021-01-08,4532,4243.142857142857
2021-01-09,3922,4220
2021-01-10,3447,4184.285714285715
2021-01-11,4452,4180
2021-01-12,4352,4179.285714285715
2021-01-13,4189,4190.571428571428
2021-01-14,4366,4184.428571428572
2021-01-15,4527,4177.428571428572
2021-01-16,4001,4195.428571428572
2021-01-17,3404,4190.142857142857
2021-01-18,4403,4199.714285714285
2021-01-19,4478,4223
2021-01-20,4152,4200.714285714285
2021-01-21,4433,4166.285714285715
2021-01-22,4690,4154.857142857143
2021-01-23,3845,4142.571428571428
2021-01-24,3163,4148.142857142857
2021-01-25,4323,4121.142857142857
2021-01-26,4392,4079.1428571428573
2021-01-27,4191,4062.8571428571427
2021-01-28,4244,4079.1428571428573
2021-01-29,4396,4031.285714285714
2021-01-30,3731,3968.285714285714
2021-01-31,3277,3949.5714285714284
2021-02-01,3988,3916.5714285714284
2021-02-02,3951,3859.714285714286
2021-02-03,4060,3794
2021-02-04,4013,3730.714285714286
2021-02-05,3998,3746.714285714286
2021-02-06,3271,3766.1428571428573
2021-02-07,2834,3784
2021-02-08,4100,3816.714285714286
2021-02-09,4087,3925.4285714285716
2021-02-10,4185,3946.5714285714284
2021-02-11,4242,3870.8571428571427
2021-02-12,4759,3670.5714285714284
2021-02-13,3419,3499.714285714286
2021-02-14,2304,3499
2021-02-15,2698,3441.5714285714284
2021-02-16,2891,3337.1428571428573
2021-02-17,4180,3327.5714285714284
2021-02-18,3840,3443
2021-02-19,4028,3649.8571428571427
2021-02-20,3352,3827.1428571428573
2021-02-21,3112,3801.5714285714284
2021-02-22,4146,3820.8571428571427
2021-02-23,4132,3819
2021-02-24,4001,3787.8571428571427
2021-02-25,3975,3738.285714285714
2021-02-26,4015,3693
2021-02-27,3134,3674.8571428571427
2021-02-28,2765,3676.285714285714
2021-03-01,3829,3687.4285714285716
2021-03-02,4005,3699.5714285714284
2021-03-03,4011,3684.285714285714
2021-03-04,4053,3650.1428571428573
2021-03-05,4100,3620.285714285714
2021-03-06,3027,3573
2021-03-07,2526,3548.5714285714284
2021-03-08,3620,3529.8571428571427
2021-03-09,3674,3519.5714285714284
2021-03-10,3840,3524
2021-03-11,3922,3504.8571428571427
2021-03-12,4028,3483.8571428571427
2021-03-13,3058,3438
2021-03-14,2392,3379.4285714285716
2021-03-15,3473,3293.5714285714284
2021-03-16,3353,3223.714285714286
2021-03-17,3430,3150.1428571428573
2021-03-18,3321,3123.714285714286
2021-03-19,3539,3092.714285714286
2021-03-20,2543,3035.5714285714284
2021-03-21,2207,2993
2021-03-22,3256,2976.714285714286
2021-03-23,2953,2953.1428571428573
2021-03-24,3132,2966.8571428571427
2021-03-25,3207,2934.4285714285716
2021-03-26,3374,2922.8571428571427
2021-03-27,2639,2936
2021-03-28,1980,2966.1428571428573
2021-03-29,3175,3009.8571428571427
2021-03-30,3045,2856.5714285714284
2021-03-31,3343,2726.8571428571427
2021-04-01,3513,2755.1428571428573
2021-04-02,2301,2757.714285714286
2021-04-03,1731,2741.285714285714
2021-04-04,2178,2710
2021-04-05,3193,2678.4285714285716
2021-04-06,2930,2804.5714285714284
2021-04-07,3124,2880.8571428571427
2021-04-08,3292,2870.1428571428573
2021-04-09,3184,2852
2021-04-10,2265,2855.714285714286
2021-04-11,2103,2888.714285714286
2021-04-12,3066,2895.1428571428573
2021-04-13,2956,2927.4285714285716
2021-04-14,3355,2945.4285714285716
2021-04-15,3337,2939.1428571428573
2021-04-16,3410,2934
2021-04-17,2391,2963.714285714286
2021-04-18,2059,2869.5714285714284
2021-04-19,3030,2830.8571428571427
2021-04-20,3164,2829.1428571428573
2021-04-21,2696,2821.8571428571427
2021-04-22,3066,2857
2021-04-23,3398,2904.1428571428573
2021-04-24,2340,2900.1428571428573
2021-04-25,2305,2972.8571428571427
2021-04-26,3360,3028.8571428571427
2021-04-27,3136,3038.8571428571427
2021-04-28,3205,3082.1428571428573
2021-04-29,3458,3090.4285714285716
2021-04-30,3468,3102.714285714286
2021-05-01,2643,3121.714285714286
2021-05-02,2363,3148.5714285714284
2021-05-03,3446,3155
2021-05-04,3269,3171
2021-05-05,3393,3144.1428571428573
2021-05-06,3503,3122.4285714285716
2021-05-07,3580,3142.714285714286
2021-05-08,2455,3194.8571428571427
2021-05-09,2211,3227.5714285714284
2021-05-10,3588,3230.714285714286
2021-05-11,3634,3267.714285714286
2021-05-12,3622,3301
2021-05-13,3525,3366.1428571428573
2021-05-14,3839,3376
2021-05-15,2688,3388
2021-05-16,2667,3405
2021-05-17,3657,3463.1428571428573
2021-05-18,3718,3497.4285714285716
2021-05-19,3741,3488.4285714285716
2021-05-20,3932,3477
2021-05-21,4079,3479
2021-05-22,2625,3477.4285714285716
2021-05-23,2587,3489
2021-05-24,3671,3519.714285714286
2021-05-25,3707,3519.285714285714
2021-05-26,3822,3553.5714285714284
2021-05-27,4147,3538.4285714285716
2021-05-28,4076,3550
2021-05-29,2865,3545.1428571428573
2021-05-30,2481,3602.1428571428573
2021-05-31,3752,3512
2021-06-01,3673,3325.1428571428573
2021-06-02,4221,3250.285714285714
2021-06-03,3516,3314.285714285714
2021-06-04,2768,3356
2021-06-05,2341,3361
2021-06-06,2929,3338.8571428571427
2021-06-07,4044,3417.285714285714
2021-06-08,3708,3629.8571428571427
2021-06-09,4066,3776
2021-06-10,4065,3766.714285714286
2021-06-11,4256,3789.4285714285716
2021-06-12,3364,3831.5714285714284
2021-06-13,2864,3814
2021-06-14,4203,3830.285714285714
2021-06-15,4003,3857.5714285714284
2021-06-16,3943,3829.4285714285716
2021-06-17,4179,3842.4285714285716
2021-06-18,4447,3821.5714285714284
2021-06-19,3167,3793.8571428571427
2021-06-20,2955,3811.8571428571427
2021-06-21,4057,3814.8571428571427
2021-06-22,3809,3830.5714285714284
2021-06-23,4069,3832.4285714285716
2021-06-24,4200,3816.4285714285716
2021-06-25,4557,3816.8571428571427
2021-06-26,3180,3795.4285714285716
2021-06-27,2843,3789
2021-06-28,4060,3844.4285714285716
2021-06-29,3659,3865.5714285714284
2021-06-30,4024,3928.285714285714
2021-07-01,4588,3984.4285714285716
2021-07-02,4705,4022.8571428571427
2021-07-03,3619,4121.285714285715
2021-07-04,3236,4221.428571428572
2021-07-05,4329,4225
2021-07-06,4348,4219.285714285715
2021-07-07,4725,4206.285714285715
2021-07-08,4613,4242.428571428572
2021-07-09,4665,4271.428571428572
2021-07-10,3528,4265.857142857143
2021-07-11,3489,4239.857142857143
2021-07-12,4532,4231.714285714285
2021-07-13,4309,4228.571428571428
2021-07-14,4543,4231.142857142857
2021-07-15,4556,4200
2021-07-16,4643,4208.142857142857
2021-07-17,3546,4249.857142857143
2021-07-18,3271,4300
2021-07-19,4589,4347.142857142857
2021-07-20,4601,4394.714285714285
2021-07-21,4894,4445
2021-07-22,4886,4480.428571428572
2021-07-23,4976,4470.714285714285
2021-07-24,3898,4443.857142857143
2021-07-25,3519,4361.428571428572
2021-07-26,4521,4353.428571428572
2021-07-27,4413,4345.142857142857
2021-07-28,4317,4324.571428571428
2021-07-29,4830,4306.428571428572
2021-07-30,4918,4312.285714285715
2021-07-31,3754,4320.142857142857
2021-08-01,3392,4350.571428571428
2021-08-02,4562,4346.285714285715
2021-08-03,4468,4350.142857142857
2021-08-04,4530,4339.714285714285
2021-08-05,4800,4326.857142857143
2021-08-06,4945,4302.571428571428
2021-08-07,3681,4328.571428571428
2021-08-08,3302,4361.285714285715
2021-08-09,4392,4356
2021-08-10,4650,4326.571428571428
2021-08-11,4759,4327.285714285715
2021-08-12,4763,4344.428571428572
2021-08-13,4739,4360
2021-08-14,3686,4358.428571428572
2021-08-15,3422,4375.714285714285
2021-08-16,4501,4415
2021-08-17,4639,4455.571428571428
2021-08-18,4880,4460.142857142857
2021-08-19,5038,4438.428571428572
2021-08-20,5023,4429
2021-08-21,3718,4420.571428571428
2021-08-22,3270,4391.857142857143
2021-08-23,4435,4359.285714285715
2021-08-24,4580,4347.142857142857
2021-08-25,4679,4329.142857142857
2021-08-26,4810,4319.857142857143
2021-08-27,4938,4334.857142857143
2021-08-28,3592,4332.571428571428
2021-08-29,3205,4373.428571428572
2021-08-30,4540,4457.285714285715
2021-08-31,4564,4583.857142857143
2021-09-01,4965,4685.714285714285
2021-09-02,5397,4621.857142857143
2021-09-03,5824,4458.571428571428
2021-09-04,4305,4436.285714285715
2021-09-05,2758,4429.428571428572
2021-09-06,3397,4375.142857142857
2021-09-07,4408,4264.428571428572
2021-09-08,4917,4223.428571428572
2021-09-09,5017,4371.142857142857
2021-09-10,5049,4576
2021-09-11,4018,4627.714285714285
2021-09-12,3792,4618.142857142857
2021-09-13,4831,4596.857142857143
2021-09-14,4770,4608.571428571428
2021-09-15,4850,4625
2021-09-16,4868,4598.571428571428
2021-09-17,5131,4610.571428571428
2021-09-18,4133,4637.285714285715
2021-09-19,3607,4674.142857142857
2021-09-20,4915,4728.571428571428
2021-09-21,4957,4758.857142857143
2021-09-22,5108,4753.428571428572
2021-09-23,5249,4755.142857142857
2021-09-24,5343,4758.285714285715
2021-09-25,4095,4783
2021-09-26,3619,4769.571428571428
2021-09-27,4937,4756
2021-09-28,5130,4718.285714285715
2021-09-29,5014,4721.285714285715
2021-09-30,5154,4707.571428571428
2021-10-01,5079,4691
2021-10-02,4116,4668
2021-10-03,3523,4697.714285714285
2021-10-04,4821,4701.714285714285
2021-10-05,4969,4821.142857142857
2021-10-06,5222,4827.857142857143
2021-10-07,5182,4663.428571428572
2021-10-08,5915,4363.142857142857
2021-10-09,4163,4242
2021-10-10,2372,4221.285714285715
2021-10-11,2719,4196.571428571428
2021-10-12,4121,4081.1428571428573
2021-10-13,5077,4066
2021-10-14,5009,4249.857142857143
2021-10-15,5107,4529.857142857143
2021-10-16,4057,4628
2021-10-17,3659,4638
2021-10-18,4679,4691.285714285715
2021-10-19,4808,4757.857142857143
2021-10-20,5147,4781.857142857143
2021-10-21,5382,4763.857142857143
2021-10-22,5573,4811.714285714285
2021-10-23,4225,4851.285714285715
2021-10-24,3533,4847.714285714285
2021-10-25,5014,4822.428571428572
2021-10-26,5085,4822.857142857143
2021-10-27,5122,4865.714285714285
2021-10-28,5205,4783
2021-10-29,5576,4558.571428571428
2021-10-30,4525,4498.714285714285
2021-10-31,2954,4548.285714285715
2021-11-01,3443,4599.142857142857
2021-11-02,4666,4615
2021-11-03,5469,4615.285714285715
2021-11-04,5561,4804.142857142857
2021-11-05,5687,5038.857142857143
2021-11-06,4527,5121.285714285715
2021-11-07,4276,5095.142857142857
2021-11-08,5086,5041
2021-11-09,5243,5023.714285714285
2021-11-10,5286,5053.857142857143
2021-11-11,5182,4946.142857142857
2021-11-12,5566,4842.142857142857
2021-11-13,4738,4846.714285714285
2021-11-14,3522,4836.142857142857
2021-11-15,4358,4839.428571428572
2021-11-16,5275,4784
2021-11-17,5212,4748.285714285715
2021-11-18,5205,4847.857142857143
2021-11-19,5178,4994.857142857143
2021-11-20,4488,5022.571428571428
2021-11-21,4219,5072
2021-11-22,5387,5132
2021-11-23,5469,5165.142857142857
2021-11-24,5558,5184.285714285715
2021-11-25,5625,5197.857142857143
2021-11-26,5410,5173.285714285715
2021-11-27,4622,5152.857142857143
2021-11-28,4314,5165.714285714285
2021-11-29,5215,5176.428571428572
2021-11-30,5326,5210.714285714285
2021-12-01,5648,5234
2021-12-02,5700,5255.571428571428
2021-12-03,5650,5279.428571428572
2021-12-04,4785,5306.714285714285
2021-12-05,4465,5304.857142857143
2021-12-06,5382,5353.428571428572
2021-12-07,5517,5422.142857142857
2021-12-08,5635,5468
2021-12-09,6040,5496
2021-12-10,6131,5522.714285714285
2021-12-11,5106,5530
2021-12-12,4661,5531.714285714285
2021-12-13,5569,5530
2021-12-14,5568,5488
2021-12-15,5647,5494.571428571428
2021-12-16,6028,5483
2021-12-17,5837,5495.428571428572
2021-12-18,5152,5528.142857142857
2021-12-19,4580,5565.857142857143
2021-12-20,5656,5510.428571428572
2021-12-21,5797,5306.571428571428
2021-12-22,5911,5014.571428571428
2021-12-23,5640,5066.285714285715
2021-12-24,4410,5050.714285714285
2021-12-25,3108,5005.285714285715
2021-12-26,4942,4925.142857142857
2021-12-27,5547,4843.428571428572
2021-12-28,5479,4797.714285714285
2021-12-29,5350,4778.285714285715
2021-12-30,5068,4739.285714285715
2021-12-31,4090,4716.285714285715
2022-01-01,2972,4674.285714285715
2022-01-02,4669,4643.857142857143
2022-01-03,5386,4631.857142857143
2022-01-04,5185,4746.714285714285
2022-01-05,5137,4944
2022-01-06,4984,4900.857142857143
2022-01-07,4894,4837.285714285715
2022-01-08,4353,4806
2022-01-09,4367,4807.142857142857
2022-01-10,4941,4840.857142857143
2022-01-11,4966,4890.142857142857
2022-01-12,5145,4892.428571428572
2022-01-13,5220,4871.571428571428
2022-01-14,5239,4883.571428571428
2022-01-15,4369,4890.142857142857
2022-01-16,4221,4888.857142857143
2022-01-17,5025,4890
2022-01-18,5012,4916.428571428572
2022-01-19,5136,4956.285714285715
2022-01-20,5228,4958.142857142857
2022-01-21,5424,4956.857142857143
2022-01-22,4648,4999
2022-01-23,4234,5027.857142857143
2022-01-24,5016,5063.285714285715
2022-01-25,5307,5055.857142857143
2022-01-26,5338,5033.428571428572
2022-01-27,5476,5052.571428571428
2022-01-28,5372,5074.571428571428
2022-01-29,4491,5012.714285714285
2022-01-30,4368,4973
2022-01-31,5170,4920.285714285715
2022-02-01,4874,4893.571428571428
2022-02-02,5060,4877
2022-02-03,5107,4813.142857142857
2022-02-04,5185,4736
2022-02-05,4375,4766.285714285715
2022-02-06,3921,4787.714285714285
2022-02-07,4630,4830.571428571428
2022-02-08,5086,4876.571428571428
2022-02-09,5210,4884
2022-02-10,5407,4891.571428571428
2022-02-11,5507,4987.142857142857
2022-02-12,4427,5027.285714285715
2022-02-13,3974,5073.285714285715
2022-02-14,5299,5080
2022-02-15,5367,5084.714285714285
2022-02-16,5532,5092.571428571428
2022-02-17,5454,5103.142857142857
2022-02-18,5540,5102
2022-02-19,4482,5108
2022-02-20,4048,5110
2022-02-21,5291,5163
2022-02-22,5409,5291.142857142857
2022-02-23,5546,5334.285714285715
2022-02-24,5825,5189.142857142857
2022-02-25,6437,4863.571428571428
2022-02-26,4784,4637.571428571428
2022-02-27,3032,4612.714285714285
2022-02-28,3012,4531.428571428572
2022-03-01,3827,4334.714285714285
2022-03-02,5372,4326.857142857143
2022-03-03,5256,4525.285714285715
2022-03-04,5060,4894.857142857143
2022-03-05,4729,5163.142857142857
2022-03-06,4421,5188.714285714285
2022-03-07,5599,5306
2022-03-08,5705,5428.571428571428
2022-03-09,5551,5404.285714285715
2022-03-10,6077,5355.571428571428
2022-03-11,5918,5305.142857142857
2022-03-12,4559,5270.428571428572
2022-03-13,4080,5270.857142857143
2022-03-14,5246,5257.142857142857
2022-03-15,5462,5295.428571428572
2022-03-16,5554,5320
2022-03-17,5981,5332.857142857143
2022-03-18,6186,5376.285714285715
2022-03-19,4731,5410.571428571428
2022-03-20,4170,5444.285714285715
2022-03-21,5550,5415.714285714285
2022-03-22,5702,5372.857142857143
2022-03-23,5790,5375
2022-03-24,5781,5401
2022-03-25,5886,5432.857142857143
2022-03-26,4746,5471.714285714285
2022-03-27,4352,5450.285714285715
2022-03-28,5773,5452.285714285715
2022-03-29,5974,5449.428571428572
2022-03-30,5640,5428.714285714285
2022-03-31,5795,5424.142857142857
2022-04-01,5866,5404.857142857143
2022-04-02,4601,5404.285714285715
2022-04-03,4320,5459.428571428572
2022-04-04,5638,5516.428571428572
2022-04-05,5970,5588
2022-04-06,6026,5648.571428571428
2022-04-07,6194,5691
2022-04-08,6367,5705.571428571428
2022-04-09,5025,5714.857142857143
2022-04-10,4617,5732.714285714285
2022-04-11,5740,5730.285714285715
2022-04-12,6035,5446.142857142857
2022-04-13,6151,5224.857142857143
2022-04-14,6177,5218.285714285715
2022-04-15,4378,5206.428571428572
2022-04-16,3476,5139.857142857143
2022-04-17,4571,5142.571428571428
2022-04-18,5657,5040.285714285715
2022-04-19,5569,5039
2022-04-20,6170,5108
2022-04-21,5461,5185.285714285715
2022-04-22,4369,5259.142857142857
2022-04-23,3959,5364.285714285715
2022-04-24,5112,5397.428571428572
2022-04-25,6174,5527.714285714285
2022-04-26,6305,5790.285714285715
2022-04-27,6402,5917.714285714285
2022-04-28,6373,5858.142857142857
2022-04-29,6207,5811.714285714285
2022-04-30,4851,5737.714285714285
2022-05-01,4695,5621.571428571428
2022-05-02,5849,5627
2022-05-03,5787,5652.142857142857
2022-05-04,5589,5639
2022-05-05,6411,5570.285714285715
2022-05-06,6383,5561.142857142857
2022-05-07,4759,5601.428571428572
2022-05-08,4214,5652.285714285715
2022-05-09,5785,5626.142857142857
2022-05-10,6069,5627.142857142857
2022-05-11,5945,5640.428571428572
2022-05-12,6228,5638
2022-05-13,6390,5653.142857142857
2022-05-14,4852,5624.714285714285
2022-05-15,4197,5609
2022-05-16,5891,5584.571428571428
2022-05-17,5870,5594.571428571428
2022-05-18,5835,5631.571428571428
2022-05-19,6057,5681.857142857143
2022-05-20,6460,5675.857142857143
2022-05-21,5111,5729
2022-05-22,4549,5775.142857142857
2022-05-23,5849,5830
2022-05-24,6242,5818.285714285715
2022-05-25,6158,5804.142857142857
2022-05-26,6441,5795.142857142857
2022-05-27,6378,5805.857142857143
2022-05-28,5012,5744.857142857143
2022-05-29,4486,5731.285714285715
2022-05-30,5924,5646.857142857143
2022-05-31,5815,5584.428571428572
2022-06-01,6063,5537.714285714285
2022-06-02,5850,5525.857142857143
2022-06-03,5941,5517
2022-06-04,4685,5529
2022-06-05,4403,5511.428571428572
2022-06-06,5862,5526.571428571428
2022-06-07,5899,5555
2022-06-08,5940,5603.571428571428
2022-06-09,5956,5625.428571428572
2022-06-10,6140,5705.571428571428
2022-06-11,5025,5756.285714285715
2022-06-12,4556,5891.857142857143
2022-06-13,6423,5810.571428571428
2022-06-14,6254,5495.142857142857
2022-06-15,6889,5327.285714285715
2022-06-16,5387,5371
2022-06-17,3932,5336.428571428572
2022-06-18,3850,5342.142857142857
2022-06-19,4862,5256
2022-06-20,6181,5443
2022-06-21,6294,5821
2022-06-22,6286,6012.428571428572
2022-06-23,6696,5966.857142857143
2022-06-24,6578,5996
2022-06-25,5190,6015.857142857143
2022-06-26,4543,6027.571428571428
2022-06-27,6385,6012.428571428572
2022-06-28,6433,6054
2022-06-29,6368,6097.857142857143
2022-06-30,6590,6175.428571428572
2022-07-01,6869,6186.142857142857
2022-07-02,5497,6182.428571428572
2022-07-03,5086,6182.285714285715
2022-07-04,6460,6177.142857142857
2022-07-05,6407,6132.142857142857
2022-07-06,6367,6111.571428571428
2022-07-07,6554,6110.142857142857
2022-07-08,6554,6080.428571428572
2022-07-09,5353,6071.714285714285
2022-07-10,5076,6061.571428571428
2022-07-11,6252,6033.857142857143
2022-07-12,6346,6048.857142857143
2022-07-13,6296,6069.285714285715
2022-07-14,6360,6079.428571428572
2022-07-15,6659,6087.857142857143
2022-07-16,5496,6116.285714285715
2022-07-17,5147,6136.285714285715
2022-07-18,6311,6200.142857142857
2022-07-19,6545,6212.714285714285
2022-07-20,6436,6228
2022-07-21,6807,6254.428571428572
2022-07-22,6747,6287
2022-07-23,5603,6293.714285714285
2022-07-24,5332,6311.142857142857
2022-07-25,6539,6288.714285714285
2022-07-26,6592,6245.714285714285
2022-07-27,6558,6234.857142857143
2022-07-28,6650,6222
2022-07-29,6446,6183.285714285715
2022-07-30,5527,6139.571428571428
2022-07-31,5242,6110
2022-08-01,6268,6075.142857142857
2022-08-02,6286,6107.285714285715
2022-08-03,6351,6045.857142857143
2022-08-04,6406,5970.428571428572
2022-08-05,6671,5902
2022-08-06,5097,5838
2022-08-07,4714,5763
2022-08-08,5789,5759.714285714285
2022-08-09,5838,5770.285714285715
2022-08-10,5826,5775.571428571428
2022-08-11,6383,5784.714285714285
2022-08-12,6745,5815.571428571428
2022-08-13,5134,5864.571428571428
2022-08-14,4778,5927
2022-08-15,6005,5903
2022-08-16,6181,5860.857142857143
2022-08-17,6263,5866
2022-08-18,6215,5911.285714285715
2022-08-19,6450,5914.714285714285
2022-08-20,5170,5912.285714285715
2022-08-21,5095,5940.285714285715
2022-08-22,6029,6000.571428571428
2022-08-23,6164,6060.428571428572
2022-08-24,6459,6080.571428571428
2022-08-25,6637,6066.142857142857
2022-08-26,6869,6042.714285714285
2022-08-27,5311,6045.571428571428
2022-08-28,4994,6022.285714285715
2022-08-29,5865,6020.142857142857
2022-08-30,6184,5983.857142857143
2022-08-31,6296,5959.142857142857
2022-09-01,6622,5889.857142857143
2022-09-02,6615,5898
2022-09-03,5138,5857.714285714285
2022-09-04,4509,5730.285714285715
2022-09-05,5922,5631.714285714285
2022-09-06,5902,5575.142857142857
2022-09-07,5404,5534.428571428572
2022-09-08,5932,5619
2022-09-09,6219,5664.428571428572
2022-09-10,4853,5730.857142857143
2022-09-11,5101,5836.142857142857
2022-09-12,6240,5905.142857142857
2022-09-13,6367,5906.142857142857
2022-09-14,6141,5965.571428571428
2022-09-15,6415,5956.428571428572
2022-09-16,6226,5958.571428571428
2022-09-17,5269,5964.428571428572
2022-09-18,5037,5983.714285714285
2022-09-19,6255,5956.571428571428
2022-09-20,6408,6072.428571428572
2022-09-21,6276,6122.714285714285
2022-09-22,6225,6137.857142857143
2022-09-23,7037,6087.714285714285
2022-09-24,5621,6054
2022-09-25,5143,6000.714285714285
2022-09-26,5904,5989.142857142857
2022-09-27,6172,5881.857142857143
2022-09-28,5903,5810
2022-09-29,6144,5755.571428571428
2022-09-30,6286,5802
2022-10-01,5118,5841.857142857143
2022-10-02,4762,5956.714285714285
2022-10-03,6229,6021.571428571428
2022-10-04,6451,6066.142857142857
2022-10-05,6707,6169.428571428572
2022-10-06,6598,6120.428571428572
2022-10-07,6598,6007.285714285715
2022-10-08,5841,5945.428571428572
2022-10-09,4419,5758.857142857143
2022-10-10,5437,5690.428571428572
2022-10-11,6018,5601.142857142857
2022-10-12,5401,5472.285714285715
2022-10-13,6119,5580.285714285715
2022-10-14,5973,5729.428571428572
2022-10-15,4939,5771.571428571428
2022-10-16,5175,5931.142857142857
2022-10-17,6481,6001.428571428572
2022-10-18,6313,6085.428571428572
2022-10-19,6518,6142.714285714285
2022-10-20,6611,6112
2022-10-21,6561,6082.142857142857
2022-10-22,5340,6096.714285714285
2022-10-23,4960,6106.142857142857
2022-10-24,6272,6114.285714285715
2022-10-25,6415,6115.428571428572
2022-10-26,6584,6078.857142857143
2022-10-27,6668,6064
2022-10-28,6569,5958.428571428572
2022-10-29,5084,5850.571428571428
2022-10-30,4856,5625.571428571428
2022-10-31,5533,5548.428571428572
2022-11-01,5660,5547.857142857143
2022-11-02,5009,5590.142857142857
2022-11-03,6128,5622
2022-11-04,6565,5714.428571428572
2022-11-05,5380,5850.571428571428
2022-11-06,5079,6096.142857142857
2022-11-07,6180,6226
2022-11-08,6613,6279.571428571428
2022-11-09,6728,6330.571428571428
2022-11-10,7037,6206.571428571428
2022-11-11,6940,5966.285714285715
2022-11-12,5737,5838.571428571428
2022-11-13,4211,5809.714285714285
2022-11-14,4498,5778.571428571428
2022-11-15,5719,5771.428571428572
2022-11-16,6526,5748.428571428572
2022-11-17,6819,5854.857142857143
2022-11-18,6890,6123.857142857143
2022-11-19,5576,6207.142857142857
2022-11-20,4956,6189.285714285715
2022-11-21,6381,6076.142857142857
2022-11-22,6302,6024.428571428572
2022-11-23,6401,5962.285714285715
2022-11-24,6027,5948
2022-11-25,6528,5824.714285714285
2022-11-26,5141,5809.857142857143
2022-11-27,4856,5782
2022-11-28,5518,5884.714285714285
2022-11-29,6198,5863.428571428572
2022-11-30,6206,5896.857142857143
2022-12-01,6746,5929.857142857143
2022-12-02,6379,5983.571428571428
2022-12-03,5375,5976
2022-12-04,5087,6034.285714285715
2022-12-05,5894,6087
2022-12-06,6145,6089.857142857143
2022-12-07,6614,6118.857142857143
2022-12-08,7115,6142.714285714285
2022-12-09,6399,6194.714285714285
2022-12-10,5578,6164.857142857143
2022-12-11,5254,6213.571428571428
2022-12-12,6258,6196.714285714285
2022-12-13,5936,6310.714285714285
2022-12-14,6955,6367.428571428572
2022-12-15,6997,6332.142857142857
2022-12-16,7197,6301
2022-12-17,5975,6321
2022-12-18,5007,6209
2022-12-19,6040,6150.428571428572
2022-12-20,6076,6068.428571428572
2022-12-21,6171,5866
2022-12-22,6587,5639.714285714285
2022-12-23,6623,5664
2022-12-24,4558,5722.428571428572
2022-12-25,3423,5736
2022-12-26,6210,5670
2022-12-27,6485,5556.428571428572
2022-12-28,6266,5524.285714285715
2022-12-29,6125,5559.142857142857
2022-12-30,5828,5571.428571428572
2022-12-31,4333,5557.428571428572
2023-01-01,3667,5519.285714285715
2023-01-02,6296,5527.428571428572
2023-01-03,6387,5572.285714285715
2023-01-04,5999,5701.714285714285
2023-01-05,6182,5914.571428571428
2023-01-06,6142,5892.857142857143
2023-01-07,5239,5861.142857142857
2023-01-08,5157,5891.714285714285
2023-01-09,6144,5929.571428571428
2023-01-10,6165,5992.285714285715
2023-01-11,6213,6017.857142857143
2023-01-12,6447,6018.428571428572
2023-01-13,6581,6039.428571428572
2023-01-14,5418,6076
2023-01-15,5161,6098.857142857143
2023-01-16,6291,6101.285714285715
2023-01-17,6421,6089.428571428572
2023-01-18,6373,6091.285714285715
2023-01-19,6464,6084.857142857143
2023-01-20,6498,6077.142857142857
2023-01-21,5431,6063.857142857143
2023-01-22,5116,6123.142857142857
2023-01-23,6237,6171
2023-01-24,6328,6232.142857142857
2023-01-25,6788,6251.285714285715
2023-01-26,6799,6268
2023-01-27,6926,6261.857142857143
2023-01-28,5565,6282.428571428572
2023-01-29,5233,6230.571428571428
2023-01-30,6194,6193.285714285715
2023-01-31,6472,6135
2023-02-01,6425,6089.857142857143
2023-02-02,6538,6065.428571428572
2023-02-03,6518,6092.857142857143
2023-02-04,5249,6065.857142857143
2023-02-05,5062,6085
2023-02-06,6386,6114.714285714285
2023-02-07,6283,6154
2023-02-08,6559,6166.428571428572
2023-02-09,6746,6153.857142857143
2023-02-10,6793,6173.428571428572
2023-02-11,5336,6215.285714285715
2023-02-12,4974,6217.857142857143
2023-02-13,6523,6259.571428571428
2023-02-14,6576,6334.857142857143
2023-02-15,6577,6392.428571428572
2023-02-16,7038,6196.571428571428
2023-02-17,7320,5859.428571428572
2023-02-18,5739,5591.714285714285
2023-02-19,3603,5547.571428571428
2023-02-20,4163,5387.428571428572
2023-02-21,4702,5186.857142857143
2023-02-22,6268,5107
2023-02-23,5917,5323.571428571428
2023-02-24,5916,5667.428571428572
2023-02-25,5180,5923.714285714285
2023-02-26,5119,5957.571428571428
2023-02-27,6570,6064.142857142857
2023-02-28,6496,6181.571428571428
2023-03-01,6505,6181.285714285715
2023-03-02,6663,6126.142857142857
2023-03-03,6738,6073.142857142857
2023-03-04,5178,6051.142857142857
2023-03-05,4733,6040.571428571428
2023-03-06,6199,6040
2023-03-07,6342,6024
2023-03-08,6431,6024.142857142857
2023-03-09,6659,6031
2023-03-10,6626,6032.571428571428
2023-03-11,5179,6026.714285714285
2023-03-12,4781,6060.857142857143
2023-03-13,6210,6105.285714285715
2023-03-14,6301,6156.142857142857
2023-03-15,6670,6181.571428571428
2023-03-16,6970,6217.714285714285
2023-03-17,6982,6239.714285714285
2023-03-18,5357,6251.142857142857
2023-03-19,5034,6248.428571428572
2023-03-20,6364,6243.428571428572
2023-03-21,6381,6232.571428571428
2023-03-22,6651,6211.285714285715
2023-03-23,6935,6199.857142857143
2023-03-24,6906,6201.714285714285
2023-03-25,5208,6233.571428571428
2023-03-26,4954,6233.571428571428
2023-03-27,6377,6222.714285714285
2023-03-28,6604,6195.571428571428
2023-03-29,6651,6233.285714285715
2023-03-30,6859,6212.857142857143
2023-03-31,6716,6208.857142857143
2023-04-01,5472,6222.857142857143
2023-04-02,4811,6275.285714285715
2023-04-03,6349,6283.714285714285
2023-04-04,6702,6035.285714285715
2023-04-05,7018,5791.285714285715
2023-04-06,6918,5815.857142857143
2023-04-07,4977,5918.285714285715
2023-04-08,3764,5939.571428571428
2023-04-09,4983,5921.428571428572
2023-04-10,7066,5934.285714285715
2023-04-11,6851,6160
2023-04-12,6891,6381.285714285715
2023-04-13,7008,6366
2023-04-14,6557,6265.714285714285
2023-04-15,5313,6160.571428571428
2023-04-16,4876,6153.714285714285
2023-04-17,6364,6221.142857142857
2023-04-18,6115,6158.571428571428
2023-04-19,6843,5987.428571428572
2023-04-20,7480,6029.285714285715
2023-04-21,6119,6090.285714285715
2023-04-22,4115,6194.428571428572
2023-04-23,5169,6157.857142857143
2023-04-24,6791,6091.285714285715
2023-04-25,6844,6232.285714285715
2023-04-26,6587,6395.285714285715
2023-04-27,7014,6231.714285714285
2023-04-28,7106,6094.428571428572
2023-04-29,5256,6079.571428571428
2023-04-30,4024,6123.857142857143
2023-05-01,5830,6124.142857142857
2023-05-02,6740,6129.714285714285
2023-05-03,6897,6163
2023-05-04,7016,6305.142857142857
2023-05-05,7145,6417.571428571428
2023-05-06,5489,6427.285714285715
2023-05-07,5019,6358.142857142857
2023-05-08,6617,6341
2023-05-09,6808,6337.285714285715
2023-05-10,6413,6343.714285714285
2023-05-11,6896,6300.142857142857
2023-05-12,7119,6282.428571428572
2023-05-13,5534,6289
2023-05-14,4714,6367.857142857143
2023-05-15,6493,6396.857142857143
2023-05-16,6854,6384.285714285715
2023-05-17,6965,6375.142857142857
2023-05-18,7099,6417.142857142857
2023-05-19,7031,6424.142857142857
2023-05-20,5470,6404.428571428572
2023-05-21,5008,6378
2023-05-22,6542,6370.428571428572
2023-05-23,6716,6370.142857142857
2023-05-24,6780,6373.571428571428
2023-05-25,7046,6365.142857142857
2023-05-26,7029,6323.285714285715
2023-05-27,5494,6295.142857142857
2023-05-28,4949,6188.714285714285
2023-05-29,6249,6162.714285714285
2023-05-30,6519,6159.571428571428
2023-05-31,6035,6167.428571428572
2023-06-01,6864,6210.285714285715
2023-06-02,7007,6271.857142857143
2023-06-03,5549,6304.571428571428
2023-06-04,5249,6483.428571428572
2023-06-05,6680,6376.857142857143
2023-06-06,6748,6043.571428571428
2023-06-07,7287,5870.285714285715
2023-06-08,6118,5897.714285714285
2023-06-09,4674,5886.857142857143
2023-06-10,4336,5830.142857142857
2023-06-11,5441,5652.571428571428
2023-06-12,6604,5665.571428571428
2023-06-13,6351,5939.714285714285
2023-06-14,6044,6121.285714285715
2023-06-15,6209,6081.857142857143
2023-06-16,6593,6103
2023-06-17,5607,6190.571428571428
2023-06-18,5165,6342.285714285715
2023-06-19,6752,6481.428571428572
2023-06-20,6964,6567.285714285715
2023-06-21,7106,6573.571428571428
2023-06-22,7183,6572.285714285715
2023-06-23,7194,6586
2023-06-24,5651,6596.142857142857
2023-06-25,5156,6572.857142857143
2023-06-26,6848,6578.428571428572
2023-06-27,7035,6572.571428571428
2023-06-28,6943,6586.857142857143
2023-06-29,7222,6637.714285714285
2023-06-30,7153,6654
2023-07-01,5751,6640
2023-07-02,5512,6658.714285714285
2023-07-03,6962,6642.714285714285
2023-07-04,6937,6622.428571428572
2023-07-05,7074,6623.857142857143
2023-07-06,7110,6589.142857142857
2023-07-07,7011,6508.714285714285
2023-07-08,5761,6460.571428571428
2023-07-09,5269,6361.285714285715
2023-07-10,6399,6233
2023-07-11,6600,6234.857142857143
2023-07-12,6379,6266.142857142857
2023-07-13,6212,6286
2023-07-14,7024,6338.285714285715
2023-07-15,5980,6334.142857142857
2023-07-16,5408,6391.142857142857
2023-07-17,6765,6510.857142857143
2023-07-18,6571,6531.571428571428
2023-07-19,6778,6503.428571428572
2023-07-20,7050,6516.285714285715
2023-07-21,7169,6534.428571428572
2023-07-22,5783,6610.571428571428
2023-07-23,5498,6668.142857142857
2023-07-24,6892,6691.428571428572
2023-07-25,7104,6679.857142857143
2023-07-26,7181,6640.857142857143
2023-07-27,7213,6650.428571428572
2023-07-28,7088,6624
2023-07-29,5510,6596.142857142857
2023-07-30,5565,6579.714285714285
2023-07-31,6707,6588.571428571428
2023-08-01,6909,6620.428571428572
2023-08-02,7066,6668.571428571428
2023-08-03,7275,6656.714285714285
2023-08-04,7311,6659.571428571428
2023-08-05,5847,6637.142857142857
2023-08-06,5482,6569.428571428572
2023-08-07,6727,6548.285714285715
2023-08-08,6752,6488.714285714285
2023-08-09,6592,6456.428571428572
2023-08-10,7127,6406.857142857143
2023-08-11,6894,6333
2023-08-12,5621,6370.285714285715
2023-08-13,5135,6434.428571428572
2023-08-14,6210,6429
2023-08-15,7013,6459.285714285715
2023-08-16,7041,6450.571428571428
2023-08-17,7089,6471.857142857143
2023-08-18,7106,6547.142857142857
2023-08-19,5560,6522.571428571428
2023-08-20,5284,6498.857142857143
2023-08-21,6737,6489
2023-08-22,6841,6462.857142857143
2023-08-23,6875,6430.571428571428
2023-08-24,7020,6380
2023-08-25,6923,6325.142857142857
2023-08-26,5334,6298.857142857143
2023-08-27,4930,6304.142857142857
2023-08-28,6353,6309
2023-08-29,6657,6357.285714285715
2023-08-30,6912,6383.428571428572
2023-08-31,7054,6439.428571428572
2023-09-01,7261,6482.857142857143
2023-09-02,5517,6493.142857142857
2023-09-03,5322,6526.714285714285
2023-09-04,6657,6412.428571428572
2023-09-05,6729,6082.428571428572
2023-09-06,7147,5957
2023-09-07,6254,6028.428571428572
2023-09-08,4951,6077.857142857143
2023-09-09,4639,6119.428571428572
2023-09-10,5822,6071
2023-09-11,7003,6149.142857142857
2023-09-12,7020,6461.714285714285
2023-09-13,6808,6625.571428571428
2023-09-14,6801,6602.428571428572
2023-09-15,7139,6536.428571428572
2023-09-16,5786,6517.142857142857
2023-09-17,5660,6564.285714285715
2023-09-18,6541,6632.428571428572
2023-09-19,6885,6661.571428571428
2023-09-20,7138,6660
2023-09-21,7278,6631.142857142857
2023-09-22,7343,6657.714285714285
2023-09-23,5775,6635.857142857143
2023-09-24,5458,6561.857142857143
2023-09-25,6727,6495.428571428572
2023-09-26,6732,6453.714285714285
2023-09-27,6620,6440
2023-09-28,6813,6387.571428571428
2023-09-29,7051,6352.571428571428
2023-09-30,5679,6338.571428571428
2023-10-01,5091,6327.714285714285
2023-10-02,6482,6344
2023-10-03,6634,6354.714285714285
2023-10-04,6544,6343.142857142857
2023-10-05,6927,6329.857142857143
2023-10-06,7126,6313.714285714285
2023-10-07,5598,6363.857142857143
2023-10-08,4998,6469.714285714285
2023-10-09,6369,6338.857142857143
2023-10-10,6985,5956.571428571428
2023-10-11,7285,5764.571428571428
2023-10-12,6011,5873.285714285715
2023-10-13,4450,5913.714285714285
2023-10-14,4254,5837.714285714285
2023-10-15,5759,5778.571428571428
2023-10-16,6652,5930.285714285715
2023-10-17,6453,6300
2023-10-18,6871,6506
2023-10-19,7073,6444.142857142857
2023-10-20,7038,6442
2023-10-21,5696,6479.285714285715
2023-10-22,5326,6471.428571428572
2023-10-23,6637,6419.142857142857
2023-10-24,6714,6346
2023-10-25,6816,6309.714285714285
2023-10-26,6707,6268.857142857143
2023-10-27,6526,6248.857142857143
2023-10-28,5442,6203
2023-10-29,5040,6219.857142857143
2023-10-30,6497,6130.571428571428
2023-10-31,6393,5889.142857142857
2023-11-01,6934,5820.285714285715
2023-11-02,6082,5970.285714285715
2023-11-03,4836,6066.571428571428
2023-11-04,4960,6138.571428571428
2023-11-05,6090,6162
2023-11-06,7171,6312.285714285715
2023-11-07,6897,6672.714285714285
2023-11-08,7098,6805
2023-11-09,7134,6696.571428571428
2023-11-10,7359,6591.428571428572
2023-11-11,5886,6547.142857142857
2023-11-12,5331,6414.285714285715
2023-11-13,6435,6295.714285714285
2023-11-14,6587,6181.571428571428
2023-11-15,6168,6122.285714285715
2023-11-16,6304,6091.857142857143
2023-11-17,6560,6113.142857142857
2023-11-18,5471,6178.571428571428
2023-11-19,5118,6275
2023-11-20,6584,6352.571428571428
2023-11-21,7045,6382.571428571428
2023-11-22,6843,6412.285714285715
2023-11-23,6847,6465.428571428572
2023-11-24,6770,6448.571428571428
2023-11-25,5679,6373.571428571428
2023-11-26,5490,6361.428571428572
2023-11-27,6466,6421
2023-11-28,6520,6501.142857142857
2023-11-29,6758,6545
2023-11-30,7264,6565.714285714285
2023-12-01,7331,6602.142857142857
2023-12-02,5986,6651.571428571428
2023-12-03,5635,6686
2023-12-04,6721,6652.571428571428
2023-12-05,6866,6615.428571428572
2023-12-06,6999,6595.714285714285
2023-12-07,7030,6579.571428571428
2023-12-08,7071,6583.142857142857
2023-12-09,5848,6642
2023-12-10,5522,6696.714285714285
2023-12-11,6746,6746.428571428572
2023-12-12,7278,6791.428571428572
2023-12-13,7382,6842
2023-12-14,7378,6866.285714285715
2023-12-15,7386,6886.571428571428
2023-12-16,6202,6864.714285714285
2023-12-17,5692,6829.428571428572
2023-12-18,6888,6797
2023-12-19,7125,6726
2023-12-20,7135,6630.857142857143
2023-12-21,7151,6444.142857142857
2023-12-22,6889,6021.142857142857
2023-12-23,5536,5941.285714285715
2023-12-24,4385,5933.571428571428
2023-12-25,3927,5879.285714285715
2023-12-26,6566,5792.571428571428
2023-12-27,7081,5752
2023-12-28,6771,5748.714285714285
2023-12-29,6282,5756.285714285715
2023-12-30,5252,5709.428571428572
2023-12-31,4362,5621
2024-01-01,3980,5553.857142857143
2024-01-02,6238,5573.714285714285
2024-01-03,6462,5643.571428571428
2024-01-04,6301,5831.142857142857
2024-01-05,6421,6163.571428571428
2024-01-06,5741,6191.142857142857
2024-01-07,5675,6226.142857142857
2024-01-08,6307,6256.857142857143
2024-01-09,6431,6249.714285714285
2024-01-10,6707,6210.142857142857
2024-01-11,6516,6213
2024-01-12,6371,6215
2024-01-13,5464,6248.857142857143
2024-01-14,5695,6194.571428571428
2024-01-15,6321,6198.285714285715
2024-01-16,6668,6213.714285714285
2024-01-17,6327,6209
2024-01-18,6542,6143.857142857143
2024-01-19,6479,6124.714285714285
2024-01-20,5431,6042.714285714285
2024-01-21,5239,6049.285714285715
2024-01-22,6187,6028.428571428572
2024-01-23,6094,6040.571428571428
2024-01-24,6373,6064.285714285715
2024-01-25,6396,6078.142857142857
2024-01-26,6564,6121.571428571428
2024-01-27,5597,6203.714285714285
2024-01-28,5336,6191.571428571428
2024-01-29,6491,6265.285714285715
2024-01-30,6669,6292.857142857143
2024-01-31,6288,6323.714285714285
2024-02-01,6912,6354.142857142857
2024-02-02,6757,6372.571428571428
2024-02-03,5813,6388.857142857143
2024-02-04,5549,6476.714285714285
2024-02-05,6620,6521
2024-02-06,6783,6667.714285714285
2024-02-07,6903,6722
2024-02-08,7222,6554.714285714285
2024-02-09,7784,6224.285714285715
2024-02-10,6193,5951.571428571428
2024-02-11,4378,5859.571428571428
2024-02-12,4307,5691.428571428572
2024-02-13,4874,5505.142857142857
2024-02-14,6259,5436.142857142857
2024-02-15,6045,5594.285714285715
2024-02-16,6480,5916.142857142857
2024-02-17,5710,6140.571428571428
2024-02-18,5485,6188.428571428572
2024-02-19,6560,6297.714285714285
2024-02-20,6445,6367.714285714285
2024-02-21,6594,6334.285714285715
2024-02-22,6810,6293.714285714285
2024-02-23,6970,6305
2024-02-24,5476,6347.857142857143
2024-02-25,5201,6366.285714285715
2024-02-26,6639,6397.571428571428
2024-02-27,6745,6439.285714285715
2024-02-28,6723,6480.428571428572
2024-02-29,7029,6516.571428571428
2024-03-01,7262,6516.142857142857
2024-03-02,5764,6484.857142857143
2024-03-03,5454,6511.714285714285
2024-03-04,6636,6484.714285714285
2024-03-05,6526,6394.285714285715
2024-03-06,6911,6361.571428571428
2024-03-07,6840,6324.857142857143
2024-03-08,6629,6329.714285714285
2024-03-09,5535,6357.714285714285
2024-03-10,5197,6337.714285714285
2024-03-11,6670,6400.428571428572
2024-03-12,6722,6473.142857142857
2024-03-13,6771,6506.714285714285
2024-03-14,7279,6528.714285714285
2024-03-15,7138,6531.142857142857
2024-03-16,5770,6526.428571428572
2024-03-17,5351,6556.285714285715
2024-03-18,6687,6495.428571428572
2024-03-19,6689,6429.285714285715
2024-03-20,6980,6371.428571428572
2024-03-21,6853,6318.714285714285
2024-03-22,6675,6314.142857142857
2024-03-23,5365,6307.714285714285
2024-03-24,4982,6259.285714285715
2024-03-25,6655,6237.571428571428
2024-03-26,6644,6042
2024-03-27,6641,5879.857142857143
2024-03-28,6701,5980.428571428572
2024-03-29,5306,6058.714285714285
2024-03-30,4230,6114
2024-03-31,5686,6188.714285714285
2024-04-01,7203,6274.714285714285
2024-04-02,7031,6542.857142857143
2024-04-03,7164,6781.571428571428
2024-04-04,7303,6748.857142857143
2024-04-05,7183,6664
2024-04-06,5901,6638.857142857143
2024-04-07,5457,6627.857142857143
2024-04-08,6609,6597.285714285715
2024-04-09,6855,6601.857142857143
2024-04-10,7087,6584.571428571428
2024-04-11,7089,6568.428571428572
2024-04-12,7215,6595.714285714285
2024-04-13,5780,6589.714285714285
2024-04-14,5344,6562.857142857143
2024-04-15,6800,6569.714285714285
2024-04-16,6813,6603.142857142857
2024-04-17,6899,6628
2024-04-18,7137,6672.428571428572
2024-04-19,7449,6685.714285714285
2024-04-20,5954,6714.857142857143
2024-04-21,5655,6734.714285714285
2024-04-22,6893,6761.857142857143
2024-04-23,7017,6761
2024-04-24,7038,6773.142857142857
2024-04-25,7327,6770.285714285715
2024-04-26,7443,6752.714285714285
2024-04-27,6039,6714.714285714285
2024-04-28,5635,6591
2024-04-29,6770,6485.714285714285
2024-04-30,6751,6446.285714285715
2024-05-01,6172,6402.571428571428
2024-05-02,6590,6427.857142857143
2024-05-03,7167,6438.571428571428
2024-05-04,5733,6488.285714285715
2024-05-05,5812,6582.857142857143
2024-05-06,6845,6677.142857142857
2024-05-07,7099,6654
2024-05-08,6834,6657.428571428572
2024-05-09,7250,6580.714285714285
2024-05-10,7005,6541.714285714285
2024-05-11,5757,6503
2024-05-12,5275,6495.428571428572
2024-05-13,6572,6446.142857142857
2024-05-14,6828,6461.285714285715
2024-05-15,6781,6464.571428571428
2024-05-16,6905,6481.142857142857
2024-05-17,7111,6500.428571428572
2024-05-18,5780,6492.428571428572
2024-05-19,5391,6519.428571428572
2024-05-20,6707,6518.857142857143
2024-05-21,6772,6462.142857142857
2024-05-22,6970,6446.714285714285
2024-05-23,6901,6385.857142857143
2024-05-24,6714,6279.285714285715
2024-05-25,5672,6234.285714285715
2024-05-26,4965,6305.571428571428
2024-05-27,5961,6199.428571428572
2024-05-28,6457,5934.857142857143
2024-05-29,7469,5823.571428571428
2024-05-30,6158,5992.428571428572
2024-05-31,4862,6139.428571428572
2024-06-01,4893,6206.142857142857
2024-06-02,6147,6162
2024-06-03,6990,6324.571428571428
2024-06-04,6924,6719.428571428572
2024-06-05,7160,6867.142857142857
2024-06-06,7296,6797.571428571428
2024-06-07,7626,6798.428571428572
2024-06-08,5927,6824.571428571428
2024-06-09,5660,6834.857142857143
2024-06-10,6996,6856.285714285715
2024-06-11,7107,6868.428571428572
2024-06-12,7232,6896
2024-06-13,7446,6914.142857142857
2024-06-14,7711,6912.857142857143
2024-06-15,6120,6924.857142857143
2024-06-16,5787,6949.285714285715
2024-06-17,6987,6973.857142857143
2024-06-18,7191,6956.285714285715
2024-06-19,7403,6953.857142857143
2024-06-20,7618,6928.857142857143
2024-06-21,7588,6908
2024-06-22,6103,6888.142857142857
2024-06-23,5612,6859.857142857143
2024-06-24,6841,6860.142857142857
2024-06-25,7052,6838.571428571428
2024-06-26,7205,6829
2024-06-27,7620,6805
2024-06-28,7437,6804.571428571428
2024-06-29,6036,6835.285714285715
2024-06-30,5444,6873.285714285715
2024-07-01,6838,6865.714285714285
2024-07-02,7267,6880.714285714285
2024-07-03,7471,6908.571428571428
2024-07-04,7567,6969.857142857143
2024-07-05,7542,6979.142857142857
2024-07-06,6231,6856.142857142857
2024-07-07,5873,6837.285714285715
2024-07-08,6903,6786
2024-07-09,6406,6709.142857142857
2024-07-10,7339,6629.714285714285
2024-07-11,7208,6642.714285714285
2024-07-12,7004,6696.857142857143
2024-07-13,5675,6834.142857142857
2024-07-14,5964,6854.285714285715
2024-07-15,7282,6937.285714285715
2024-07-16,7367,7030.142857142857
2024-07-17,7480,7115.428571428572
2024-07-18,7789,7159.857142857143
2024-07-19,7654,7167.285714285715
2024-07-20,6272,7162.428571428572
2024-07-21,6275,7177.428571428572
2024-07-22,7334,7166.714285714285
2024-07-23,7333,7179
2024-07-24,7585,7180.142857142857
2024-07-25,7714,7167.285714285715
2024-07-26,7740,7124.857142857143
2024-07-27,6280,7046.285714285715
2024-07-28,6185,7021
2024-07-29,7037,7024.428571428572
2024-07-30,6783,7029.428571428572
2024-07-31,7408,7051.428571428572
2024-08-01,7738,7056.714285714285
2024-08-02,7775,7066.857142857143
2024-08-03,6434,7139.857142857143
2024-08-04,6222,7144.285714285715
2024-08-05,7108,7115.714285714285
2024-08-06,7294,7023.714285714285
2024-08-07,7439,6921.285714285715
2024-08-08,7538,6842.571428571428
2024-08-09,7131,6821.142857142857
2024-08-10,5717,6798.571428571428
2024-08-11,5671,6818.428571428572
2024-08-12,6958,6824.428571428572
2024-08-13,7136,6908.428571428572
2024-08-14,7578,7009
2024-08-15,7580,7074.428571428572
2024-08-16,7719,7089.142857142857
2024-08-17,6421,7111.714285714285
2024-08-18,6129,7091.857142857143
2024-08-19,7061,7101
2024-08-20,7294,7076.714285714285
2024-08-21,7439,7013
2024-08-22,7644,6913.428571428572
2024-08-23,7549,6908.714285714285
2024-08-24,5975,6906.142857142857
2024-08-25,5432,6874.571428571428
2024-08-26,7028,6831
2024-08-27,7276,6826.714285714285
2024-08-28,7218,6876.428571428572
2024-08-29,7339,6979.857142857143
2024-08-30,7519,6943.857142857143
2024-08-31,6323,6895
2024-09-01,6156,6894.428571428572
2024-09-02,6776,6878.142857142857
2024-09-03,6934,6820
2024-09-04,7214,6815.571428571428
2024-09-05,7225,6807.857142857143
2024-09-06,7112,6829.285714285715
2024-09-07,6292,6848.142857142857
2024-09-08,6102,6868.571428571428
2024-09-09,6926,6906.428571428572
2024-09-10,7066,6976.285714285715
2024-09-11,7357,6987.428571428572
2024-09-12,7490,6944.714285714285
2024-09-13,7601,6920.714285714285
2024-09-14,6370,6929.714285714285
2024-09-15,5803,6917.714285714285
2024-09-16,6758,6931.857142857143
2024-09-17,7129,6900.571428571428
2024-09-18,7273,6899.428571428572
2024-09-19,7589,6944.857142857143
2024-09-20,7382,7014.857142857143
2024-09-21,6362,7046.285714285715
2024-09-22,6121,7070.857142857143
2024-09-23,7248,7042.571428571428
2024-09-24,7349,7046.857142857143
2024-09-25,7445,7026
2024-09-26,7391,7036.428571428572
2024-09-27,7412,7061.857142857143
2024-09-28,6216,7065.285714285715
2024-09-29,6194,7036.142857142857
2024-09-30,7426,7015.428571428572
2024-10-01,7373,6962.857142857143
2024-10-02,7241,6965.857142857143
2024-10-03,7246,6958
2024-10-04,7044,6903.857142857143
2024-10-05,6237,6907.142857142857
2024-10-06,6139,6854
2024-10-07,7047,6785.285714285715
2024-10-08,7396,6758.714285714285
2024-10-09,6869,6757.571428571428
2024-10-10,6765,6716.857142857143
2024-10-11,6858,6711.428571428572
2024-10-12,6229,6683.714285714285
2024-10-13,5854,6725.857142857143
2024-10-14,7009,6835
2024-10-15,7202,6914.428571428572
2024-10-16,7164,6818.285714285715
2024-10-17,7529,6766.428571428572
2024-10-18,7414,6734.285714285715
2024-10-19,5556,6770.857142857143
2024-10-20,5491,6755
2024-10-21,6784,6668.142857142857
2024-10-22,7458,6591.428571428572
2024-10-23,7053,6643.428571428572
2024-10-24,6921,6633.285714285715
2024-10-25,6877,6629.857142857143
2024-10-26,5920,6576
2024-10-27,5420,6609
2024-10-28,6760,6701.857142857143
2024-10-29,7081,6807.142857142857
2024-10-30,7284,6808.571428571428
2024-10-31,7571,6857.285714285715
2024-11-01,7614,6839.428571428572
2024-11-02,5930,6804.857142857143
2024-11-03,5761,6767.571428571428
2024-11-04,6635,6670.428571428572
2024-11-05,6839,6541.285714285715
2024-11-06,7023,6574.571428571428
2024-11-07,6891,6662.142857142857
2024-11-08,6710,6808.142857142857
2024-11-09,6163,6877.428571428572
2024-11-10,6374,6856
2024-11-11,7657,6998.428571428572
2024-11-12,7324,6991
2024-11-13,6873,6786.142857142857
2024-11-14,7888,6730.285714285715
2024-11-15,6658,6609.428571428572
2024-11-16,4729,6513.285714285715
2024-11-17,5983,6446.142857142857
2024-11-18,6811,6294
2024-11-19,6651,6325.857142857143
2024-11-20,6403,6502.428571428572
2024-11-21,6823,6540.857142857143
2024-11-22,6881,6650.285714285715
2024-11-23,5965,6800
2024-11-24,6252,6983.714285714285
2024-11-25,7577,7084.857142857143
2024-11-26,7699,7155.285714285715
2024-11-27,7689,7192.714285714285
2024-11-28,7531,7199.142857142857
2024-11-29,7374,7117.571428571428
2024-11-30,6227,6986.571428571428
2024-12-01,6297,6880.571428571428
2024-12-02,7006,6869.428571428572
2024-12-03,6782,6907
2024-12-04,6947,6946.571428571428
2024-12-05,7453,6921.571428571428
2024-12-06,7637,6931.428571428572
2024-12-07,6504,6992.857142857143
2024-12-08,6122,7098.571428571428
2024-12-09,7075,7192.142857142857
2024-12-10,7212,7257.714285714285
2024-12-11,7687,7205.428571428572
2024-12-12,8108,7206
2024-12-13,8096,7219
2024-12-14,6138,7316.428571428572
2024-12-15,6126,7370.285714285715
2024-12-16,7166,7378.428571428572
2024-12-17,7894,7302.142857142857
2024-12-18,8064,7370
2024-12-19,8165,7356.428571428572
2024-12-20,7562,7275.857142857143
2024-12-21,6613,6925.142857142857
2024-12-22,6031,6352.285714285715
2024-12-23,6602,6181.285714285715
2024-12-24,5439,6146.428571428572
2024-12-25,4054,6113.285714285715
2024-12-26,6968,6067.142857142857
2024-12-27,7318,6043
2024-12-28,6381,6028
2024-12-29,5708,NA
2024-12-30,6433,NA
2024-12-31,5334,NA
